No,Title,Link,Source,Date,PIC,content
1,"Naik Angkot Jaklingko Gratis Itu Menyenangkan, Kecuali Kalau Sopirnya Nyetir Kayak Lagi Balapan di Sirkuit Sentul - Mojok.co",https://news.google.com/rss/articles/CBMihwFBVV95cUxORkZqaTNVUjNqazBqbXhfcnZuUFBrelNDd3V5eDl3U0hrM0NkTElHZUZ6N0lvSndMMXc4UklYUzkyeWNPcHpSQ0hMc09tbEhCRnVaOHVJUDNOZlNGZHFyZE1JUmdDLUc0bGRxNWxlT3JZQS1lSFJSUElSNndWMXMxR1RBR0Q1NUnSAYwBQVVfeXFMT2djNU1QbnNPTDV2OWtNeFhHNHhoN3F1bkxYQTJIRWI0RnVYdy05UVI5THZGTEJ2VFVFZ0dOM240Qm1hTERCUlBNZGRVUV95Sm1RUnlIRnB5UGU5Tk1LRTZrRmtlSWRtV0NfbVB4VGhyQ1B4Y0JZRnMxRU0tcDgyZXJST19vY1J0N21yajM?oc=5,Mojok.co,04/09/2025 14:00,Irsyad,
2,Rute Jaklingko Jakarta Timur 2025 beserta Jam Operasional dan Tarifnya - kumparan.com - Kumparan,https://news.google.com/rss/articles/CBMiuAFBVV95cUxPYkpxOTZPMk1VNEpia2psbWx6bjVEaFo5dU9sb3JPbzRZYkNwOC11YU9jSWcza3N2X2hzYnJGU29mTUNnY1lKZnA4OWxZVzJsblROel9oTzljcmhXYmQyWUJES2ZjUDAyVktFMjZsTmhpeEQ1d3hyNnNGOEZIWllISy1zM2thR1VNOEYzcldRWEw3MWNNXzFmYXgxX3V0aTBLR3ZROFM5Vm1tX0ZMTl9zeWh2WmI2SFd30gHAAUFVX3lxTE5KLUJKZ3dOanhOcnpjU1F4Yy1CemdRYm5jSzZzQnQ3WHFpaGctMzVsWVZmUm9CNHcwekIxVzFVNktyR2NNdlVYTUV1SmFhckxDc3h6NGZJdk9VTWY0OUR5UlZLVWFSMHNpdmpUci1Md0lKOTRtSjZnOUdlbW1nbmpTQVF6NWJycUhwMmVmdzBfbWFldVM0ekF0ZWs5WUt1UU5wT1JmWDZnakh4RTl4TjBuSU9adFdYdHJUUVdsV1FTSg?oc=5,Kumparan,28/09/2025 12:54,Irsyad,
3,"Dilema Hadirnya Jaklingko, Sopir Angkot Regular Mengeluh Sulit Dapat Uang - Wartakotalive.com",https://news.google.com/rss/articles/CBMivAFBVV95cUxNc3JsQzlHS3V5cU5IWDNlREh3RjFxYW1XOTc4R2RaWHNhY3c1ci03M1lER3M5Tkdtal9VVDJfeXhUQVMyX2FiTVA4YzVWUFNEbUNkMnNReE1wVjJkeFAxYjRkUFdkTTR1N3ZIYWw1NVQ5aTFYYTRFbmxfN3dsNlhJQ3JCMXhial9QemZGUE9MUWdxU0MyNlh2aTVpVDZzSWxCc244cVVxMWloUlVxQVRXMEFKdUJjeGVQTHVyZA?oc=5,Wartakotalive.com,27/09/2025 10:27,Irsyad,
4,"Nasib Sopir Jaklingko, Saat Tarikan Gas tak Sekencang Gaji - Republika.id",https://news.google.com/rss/articles/CBMimgFBVV95cUxQcW1yRUw4ZWdxUHpIbHhlN0dtX3c2QlVyN0N1b1Z0bGxZXzlvVFI3aWcxMXF2aWJMNGN2d3M3TENqSm1GYTkwR1Q4UUdVeEVESnpaTi1yZXhwOGVRUG1ZaDR5RXMxdkJnZm9OOGxteXNsdFZJbmR5eklLZmVScF9FOGh0VERtcXlRSlVfNEFlbVY3blVnQWFZQ1B3?oc=5,Republika.id,06/08/2025 14:00,Irsyad,
5,Seluruh Layanan TransJakarta dan Jaklingko Dihentikan Sementara - MetroTVNews.com,https://news.google.com/rss/articles/CBMiqAFBVV95cUxOMEdpUTdhcWtoakNLbTBuSmZ4Uy1yMEZydDduUU5KRFVhWmVObXhNUGRXNWl0UURPdGVaTGZCZzkwZWJHNjFHTVBBRnh2eExQcWpiT1RNNXVraW5mRkJlY0F5LXM0b2hEMGxjbC1odGY2R1J6a2hTNEIzR2dKSkgtT2I1bmRhdlpiMlp5OGhzQXRRREJGbkg5TmhneEh0dklzbGgweWEteTg?oc=5,MetroTVNews.com,30/08/2025 14:00,Irsyad,
6,"Naik MRT, KRL, Transjakarta, hingga JakLingko Cuma Rp 80 Saat 17 Agustus 2025 - Kompas.com",https://news.google.com/rss/articles/CBMixgFBVV95cUxONEVGMnk5Rzk3ZkZ3cWZaLV9EWEtBRC1yY2xOX2NNaEROc1ZIM2s3LVVoR3Fnb0UwRnhGcHdmV253NXVVOGpMa1luTHBQT2kwNmhqM3kzRC1aMDVJR1lfOUMxOFdzWFNfQjNUUk5YdW5hM3V3bU1TLWtGUTE3OUpDMHRVZ1MzTlluQ3dCVGZxVF9zUTlEbHlfSnBRSGpSZFBBVWN6ZDA1T3hXeG1TRzNXeXktLVZRVTRFN0NTNU52dGFscldjRGc?oc=5,Kompas.com,01/08/2025 14:00,Irsyad,
7,Pemkot Tangerang Dukung Rencana Perpanjangan Rute JakLingko ke Kota Tangerang - Pemerintah Kota Tangerang,https://news.google.com/rss/articles/CBMiyAFBVV95cUxOWFR6aVdVMFc4WE1Wc1pmV090ZXZRT21zWUJibk53TTgxd3g1dTRpWWhEczRfQi10VFNjc1pQOFZQSnJQUS1qNDR5c0JOYjRKVVVZeGo5cXdyQUJJS2diUklFYmFPX0VpSWRSQmh2clpMZlpkZmNGWlR2YzVWZlEzRDI3S0RrTkc0amw2ZWoxbzdWUVRuMGFQWkxCUVJ0U2FlMTB4ZXBIWXJGd0MtZ3dZcFFaOWpVbzY0bTNWT2lsUDVjNjhVTjZHOA?oc=5,Pemerintah Kota Tangerang,10/04/2025 14:00,Irsyad,
8,Pramono Wanti-wanti Sopir Jaklingko Ugal-ugalan Ditertibkan atau Diberhentikan - detikNews,https://news.google.com/rss/articles/CBMiugFBVV95cUxNcWNCQ0Eya3hWaGpZeHhSdGMxRHFPMTJfM2dxanh3YXlJTTNEUGhUSVlVVXJ4UWRCWjZKdGo5NWJTbnZpdWlOTDZTS0dqWURlcEpWbW5VUF96MUZnb01NQXFYT0Y0ZWtHOWxzZC1aUWJqa044RldzazJ6dV9SUkRmWU1RZkVQeWhVOEh3a0tYeFhMUDBmbzdxTTN4V0tORHRsOFJpOFltNi0tV05PQVZPSk4wWDRYRmFodUHSAb8BQVVfeXFMUDVtN050M2ttNFBaWDJ5bUFZdkljSUVYLXhmWUZtY3Y0VE5FNzNLYW93NmlSZ0hRTGZjbkJJZWVaRDE3NnI3THQ5aVJDSWdiejI3NkF5d0Q2SFNXZXNZWjZ1LWh1bEZTcktyd3ZOVDBSenA4TFRpZFhJRlVkSTdGd3R2N2R2bkxody1jR3JQa0hWaVRCajVYbEpCMndSX2MyTmpEWVZUeXZqbGduTlh6MlE0ZHZZWUZnWHhrRUNlSkU?oc=5,detikNews,18/06/2025 14:00,Irsyad,
9,Pramono Ingin Mikrotrans JakLingko Beroperasi di Kota Penyangga - Tempo.co,https://news.google.com/rss/articles/CBMiogFBVV95cUxQNWFoNXhPQU1tM3gtSmw2RHpsRlhEcmhuTGc2OG8tOGo2elcwTWFDX2FZQ0ttTWNTWXBnenpYMXpOVUxENUhEU0pBWktHYVNlQUtqV3ZDRkUtVEo4eHhuTUpLUnNNM3pHXzNCODBhN1dKcV9ldFdjZzZPVm1UbnVMTFkzemZhcG1mS2NxWkFOM1pjelBobHVHNlJMZmg5Y21BQkE?oc=5,Tempo.co,12/06/2025 14:00,Irsyad,
10,"Operasional TransJakarta dan Jaklingko Hampir 100% Normal, Ini Daftar Rutenya - Bola.com",https://news.google.com/rss/articles/CBMitAFBVV95cUxQYVM0UE9za3h5bTFyTVppbWE0V2FwTmtrR0c0VG5Ubld5WnhUSVdVRzdCWDBIM3JVUmZVa1FiUUFzNHlvS1paajhlU2UxSllhQ2dhMWlLOTVERWZ2YXJUdmtaOHFGYzZfNGRQZV95LXR3dC16SFJSOFFJRlAyS01Oa1BDZXVqTXRGdjVqVlkwVXBEZURhMDFtNjB1Sno1RHNwaTVsQl9OQ3hCNGl0R19USm5lSUfSAawBQVVfeXFMTUlnR0pPcjVmei11YjlWOXRqUXRVRXdfVzhwdWt4WXl4bzh0RkJjRTB1bDhlUGtRejJYNXZsZWpZSTNnVWwtUWo1ZXlWQjdZT1lvU0VnRHJTQ0NMYmROSEZ2aVdjWktlN19tbElkTnpHZHZzdi1pUHliWHdVVjRNT280ZHNLczN4amRQWFEtRGdObHkxYXlmZWJEdFRSTHE4UGhUcUIzSlZGRDdzag?oc=5,Bola.com,31/08/2025 14:00,Irsyad,
11,"Usai Transjabodetabek, Pramono Bakal Perluas Jaklingko hingga ke Bogor-Tangerang - Kompas.com",https://news.google.com/rss/articles/CBMiwwFBVV95cUxON3J0dU5oMU1JVVhFYTRBQjFqSTNjOGJxR0pPcTVDZGZ3OEVVM0U1S3dqNkxxN2J0TkV4MGh5TmxjWVZ1U2xuY19fWjZHVXRjZUR4YVZKaURXRnZVMndZNmNSaWxRb1V3cTl4RVFQYi15NENfdXRJdXlwY2Fhck1tV2xOalUtNHdlOUZGRjJqMEpzSkdLU0d4cDlsVmhFX0NNY1EtVy0xV1d1cmd5bmJ6OFlxalVzYWVjZThhNTlZeGEyMGc?oc=5,Kompas.com,11/06/2025 14:00,Irsyad,
12,"Perpustakaan Jakarta, Spot Literasi Hits, Dekat Stasiun, Dilewati Jaklingko - detikTravel",https://news.google.com/rss/articles/CBMixwFBVV95cUxQU013Snk1UXN4TE9pUk8xNGxJMDRPTU9DeXhoMUp3U0k4SXEzWkl1cThTdGRhZGVXR2F0cFYwRkFpUzE3dlFGRHY0dEVCMHJJVE1rRkNCUndUMHZNam1UVGtkOS1aM29ydFZWdzVTTTZjaDJHX0NxQkhiSnlyQkhvNlc3NWkxek90SVVMQU5JWDlLVC1xVEFTR3hLNUdoMEZVVnVJYjFNaHYzSnhOVDRJTzJlU05Qbk1JdnNPeDRhbVBPbGVzY3kw0gHMAUFVX3lxTE1ndlByMk1vMC1BRENacUdkdnJDY2IzRzA1SDZaTFlfQkY5cmlFblZjVU9Rak0tekM3TnRpYjZMR3RKOV9pSnQ4TjVnWkhXaUZidk1FMndJdjJGUG1IOUZtTGJUaXZWVS1OZmRRUEtMbzdaQ1Z1bXkzaFBpcjlMaTlGblhYRFY2ZXREWGR0R3pGLVNxbFBEQzA4b0NiUDdKSGZzQmtib1BvTGJ6YWlSV1R0YTdrU28zOHVrS2hveTdBc00zOWIyc19uQ2pzdA?oc=5,detikTravel,17/09/2025 14:00,Irsyad,
13,Rute Jaklingko 47 beserta Tarif yang Penting Diketahui - kumparan.com - Kumparan,https://news.google.com/rss/articles/CBMiowFBVV95cUxQODI0TEFYSXRPR2lGRXN4d0JZNVZfUl9uSUZLLUhrRlZ0emI4NXdCUHJFd2tYT0RhQW1kbVJxbFlDMFBoc0txMDFmX25kN0RBdmZ0LVpfb0hXd19fVlBfYU5aSjNJeGNVSE10a0ZQQmdPbTFXUzdYTHNyd0VwLVRkTS1kb283R3FVUlNCQVJ4V3RWOWloVmhTb3R0eVFGZTFLclBF0gGrAUFVX3lxTE5td0pZN1dJWGVlNmVHMTg3MVRjYUxKQmVVV3lESlYxMEJLQW14Y1lVZXhYcmhfQjhLVmpYcURzcmVndWsyNDliQTRyRjlEbmZzVHRsZnIwU296R0d3U3hMNmlZWGhxbmExVDVmMHdYbkxSZjBCUzJHbHF1MTlLTXIwb2lzWkpza0k5QXViVGNTTi1qVDlXRUlwa1NQbHZadTBTYUhWZDBJbmNhTQ?oc=5,Kumparan,24/07/2025 14:00,Irsyad,
14,Rute JakLingko 48A untuk Penumpang Setia Mikrotrans - kumparan.com - Kumparan,https://news.google.com/rss/articles/CBMinwFBVV95cUxNNjRxemxMNFdlUzBVcjlnX3c3RXZ3UDRvOHBXVlpWUHFta1RTMS1lZWw5RzJZdnktaXkydlVLcG5tTVpUY3JQYURyRUc0RG9jOTlyUXpFRXRIRC1oVktxU0pUbVRvNWI2dVQ1SXZjSWd6TTJsRHpQNlNhd192ZmpBRWE4QXhqYl9Da1dweGZfcEhIbjVpbXZrbFBrd3dMaGvSAacBQVVfeXFMTjFRSXYtSmFQaUpTZXhJTG5Icm1WMHhrOS1DM3ZfYlRMeVdUSFBkM0UyQV8wUWE0ZGZ6UjRfMmZlaUNfNWo1akxtQkdiNktnR2ZQWHZreHFZalhTRjJfdDdUeGR5RDVjSjV6R2tVZWkyTnNqdWhYV0JKVk56azBUbmpPS2d1MmpsZkU2cDAwNXNmOTJUQW8xZUljazRGNW1yaWxGVEdjU28?oc=5,Kumparan,08/05/2025 14:00,Irsyad,
15,"Ada Genangan, Jak Lingko Rute Lebak Bulus-Pasar Minggu Dialihkan - kumparan.com - Kumparan",https://news.google.com/rss/articles/CBMirgFBVV95cUxPMW53RnBWVGI5S2VCeTF4LTZMRC1QUFV1YVFad3NLcGhCWXF0T01XOWQtcF92amZ5UzZ0eEw0eEV0bTJ6Y0Q4UHg3RFRVWUVyQ25rUDFZblJCUS03YnlWTkV6d2hGSlhQMjRET25tbG9VQkNrZXl3YTVKTzlFaUpaN3o3RXowSjZHRl9XSnpvWjNSM2Z5dXF2U1NOUnFZUm5EMEpTcW5xU1VfMTIxT0HSAbYBQVVfeXFMTUpzalNrTVd2dzdpMnhNODhEcm1tdEttX1Bqd01ic2N6bkh2LWI5bkE0SWRVQ0sxZndqYW9QNnlxb3Z1QlAtaEUtbFVkRHZjcVJYMlFRSElOMHN0aG9DRWxsbDE4Nl9RSVRlOE01NTZoTE9kUGlzMkhjdFlqT2VGa1FOUXpCUWdFakgtZUdLT1ZpZXBvbDFYMGZ4UXp3UU1oWXV1eHAzdDlqWWRHSWNaNXVYVGtCa3c?oc=5,Kumparan,12/09/2025 14:00,Irsyad,
16,Rute Jaklingko 42 dari Terminal Kampung Melayu 2 ke TPU Pondok Kelapa - kumparan.com - Kumparan,https://news.google.com/rss/articles/CBMitwFBVV95cUxPeUZFOXJpbHZUdjhtczl5TWdIdEtHdk9ld2VPbVNlV0llRXUzMEVFeDROcnh3dGJhcE94a09BN1BWTElBUHR2alk0RFpCZjJnQzN2djZjQ3hUTGwycEQ5emw3eGdfVDBBRlYyTzE2WldvVkU2blhxLVBFNTkzbUM3MUN6TW8zMVFJa3gzcDZQQTBmaks0QWpiMkYxWVBZVlNkT1BEYU5tVkxrdmFjd29UTDVCS0JDTFnSAb8BQVVfeXFMTzFUdmpwWkcwT1VYSElJWEZ2eWNmR3NwdDFxanp2S1FDZzVxcGo2ZElvOXlkQ0dDcWR5Z01hUHE3WEtxQVVOM0ZTbTlRRWx5ckU4cGFOZjVwT0FnWVhjYjZ4OVpXR1ZYSzY0ZTB6ek1jZWdwS1pScHVKdmJrRXNral82VnNWejJkOXpsWHJxaVdsbGphTnV5Tm95MTVKZVY2V1A1S2VJNF9ub2xBTWRtZkw3WjZwRWxYZFk0NF9fTkE?oc=5,Kumparan,08/05/2025 14:00,Irsyad,
17,2 Jaklingko yang Lewat Mall Artha Gading dan Rutenya - kumparan.com - Kumparan,https://news.google.com/rss/articles/CBMioAFBVV95cUxQWHUxaW44bC1nTGljRURkdjMtbW5SMFBBQ3ppelVoUFlqNnNNNUhhZFpnaks0QUtydHZHT1BGaWF5S2ZSeHo0UVZLMTlIanpJdnVmQzJYdTJwcjUzTjNxOHVZLWJtUUc1dmYxdWh1bEdXYmlJbjY5bDNyMXRKd0Zuc0R2eC1VbjVxblBla3RXM2Mtb1FlSGxxekh5SzZRVFh00gGoAUFVX3lxTE5ZTlFfemdqcUhuNTN6UVdxQ0Q1ZVZ6MW5Iak9WR21faTkwUnRfTUZEV1N0bDFTOUROTThTVmZkekN4RjJxZVZGMExDLWYtR0hoOWFkWllsREhiX1JuYldMdDNtVnowcldnUXpzZW1HdXdSTjExd2hYdk5EM19JWXdkUWtOX01WQUVZWm1IVkN1OVdwUGlUaEh4QlRROThBMk45UDhldGJNZg?oc=5,Kumparan,16/04/2025 14:00,Irsyad,
18,Apakah Jaklingko Beroperasi 24 Jam? Ini Info Selengkapnya - kumparan.com - Kumparan,https://news.google.com/rss/articles/CBMipgFBVV95cUxOZEFSYU9MSDlYSXM5Wi1OanBuMDNMaGVFRWpiX2RxelRJak5tWHFWTkNhTzh1WXhTbHJHVWhFb1RfRFkxMXhETnJpbUw5NjdMb0ZIa2JENDFUbWItR0EyUVBtZHFJS1p1MGMxbUxDb0thVTdoU3BISTJEcl83MjhfLWZVYVd6eHdXdkhpRlhJVlRXNWdNSmpuYkhpMEQ3TmdpdmRLMWF30gGuAUFVX3lxTE5Eamc3VzQ2QTIyZl9taDhueVFpZzlpcTF3dUdqUTA2X0VGaFlXWThwNmpYQjVJZG83N3c2YWV2OUNPZG9EM2Q5bjh1dGF1ak80WlBBRkpIcGp2N1BqX0ZkNEZsMFhDN0UzZ1RtUHg5RE5IT0JaUjZNSUx5R05OQkhQSmZjbUR0d09TdkVKeEo4NWUzaURST2ZOemJtaUNKMk0tRTF5bjJSek5GX2Uxdw?oc=5,Kumparan,15/07/2025 14:00,Irsyad,
19,Sopir JakLingko Cekcok dengan Sopir Lain di Jakbar gara-gara Miras - Kompas.com,https://news.google.com/rss/articles/CBMivwFBVV95cUxPdUZCOWRvWkxsTUdPY24yamRxbGdtUlpiMkphUXhNMFB5ZGwyY2pPdnNOazlLMi1hU2dDM1VNdnkzNnp1ZkZUSmk1RVVOUkVIOFFKUmJHLUJNRG16NGNCVkNhSS1qS1RmbmVPRWJoMXljeHRDR1c5clJPUk1nNEVmc0JVby1xekFFSF93VUFTelllazVLTTN0MHNHMFRmbHNtb0NEYmN1Q0M3NERDdEE3RFE1THJJUXl5M3hxYzNocw?oc=5,Kompas.com,18/06/2025 14:00,Irsyad,
20,3 Penyebab Kartu JakLingko Tidak Bisa Digunakan dan Solusinya - kumparan.com - Kumparan,https://news.google.com/rss/articles/CBMirAFBVV95cUxNenEyMmNYakhZWk8wMS1ia3dZODEwVU5ZYW1hVUpNUXgtNFhlTWdYcG1TMGtVX2VGR2ppaG9NZnlHUHgxbVBTY243YkRqSG1qT0xWWTJKNlZ2NklzLVJhYmtnM2ttRHlNWXQ1bmhxVm95TFc5SW9xdTF5czlOUTBROER0WkFwS3l5bnNKclc0NmdJdmM1RXZTSmhJYlBHMjFqZXYyVUYyM2N0c2Ux0gG0AUFVX3lxTFBaMWJMUldzX3YtWVRnS2NqZVRmT29PVGRzcnU5dXFDQ2puRl85TURodHNVeUxNWE9wVHpBZGY3Vm0zaFRFNXVKTkNaZkxnVEdfRjBrMzhwX1Z0Q0J6c0NmblZkYlRhaXEwUnVlZThFU2pPSzZhbEF4Rkg3Sl82N1JDdkQtNzloS0tFaU1YeC04bGd0TUtyTFEzQjQxd21mWjlwT282SEFBaVNZS3ViX2lxdkhrZA?oc=5,Kumparan,17/04/2025 14:00,Irsyad,
21,"Dirut JakLingko: MRT Ubah Gaya Hidup, Orang Tadinya Pilih Ojol atau Mobil - detikNews",https://news.google.com/rss/articles/CBMisAFBVV95cUxON0lkdDdRQ1BZVFZCaV8yQ2psZF9hS3JTQWVCX2VZOGdlVXZSbU9RZy1oel9VUy1SS01zRl8ta3BWTTFTNk5vT2UybTMtNHRrQVN6N3JMTHQtZzMyU1R1bmczT1hqRlVyMGdmd2JsYmJiTUF4eVRPZ3FweTlmTTNoaEpvZUlwS1JpQVhFdkR4Q19yY0R5SzVVMXRpQTJOTmRRaWZQTk5FNGtBOFM0QzNya9IBtgFBVV95cUxNRDVDLTlMTFh0VmtBdXhiNGd4eG8zZjZFYnFlRmpBdG1YcUk2dTduOV9sUUVCSHltY2lZZnpIb0ppd3E2ZW5fZXQwRmh2X19sRW92WWhONWQzMDJ2Vm94TkJjMVhrNlpObDQzY1RxUktpMUJDNTJWcEhyOE5XMk5id2hSVDg0QUJBZzRDdFZsdm5SUG04SXo5clF6SzBKemRUcUdnV19aOHdfSXg2M0NPRDZJS3J3Zw?oc=5,detikNews,25/05/2025 14:00,Irsyad,
22,Rute Jaklingko 73 sebagai Transportasi Massal di Jakarta - kumparan.com - Kumparan,https://news.google.com/rss/articles/CBMipgFBVV95cUxOX1dKV1ptUDRkYXZUX3lqckxqQjRKS0xjWXczM2J0dVZNd0tEdk1xaWlwV2NnR3FaS1FsUFNhb1hGYXB0ckV4aG9JZFhTWkx2ejEydG5ObHRfWmZ0UjdReEF0UzU1MDkxR3c5WER5UXJPWXlVMGZ1cTg4ZHZJbVpwWGNiMHBFcU12S09KbVNseW55MGhQdFlrcmo1RGRmNER0MXBRVG1B0gGuAUFVX3lxTE1KWVd3RFNmUTc3MmtTTEJ6eHhxa2hrOW54WGdlSmZaLXZyOTFYWlFWTUozZ2FnSWk4R0lodFNLLU1qOFBiVlBQN1ZQWHJWX2pRVkQ4Tll5TXlSZ1JfQ2pVb2d5cU91NnpHMDdYYjNpV3l2d3F3ZTc5ek9KV2twRjVXd1BrTXB5OE4tWjBtQXpJTXQ1dUpXcFpLcndFV2F0WElYUjVOb2FPbll4eGt2Zw?oc=5,Kumparan,08/05/2025 14:00,Irsyad,
23,Istri Ngamuk Hentikan Angkot JakLingko di Rawa Belong Gara-Gara Suami Lirik Penumpang Perempuan - Jawa Pos - Jawa Pos,https://news.google.com/rss/articles/CBMi2AFBVV95cUxOMUxQVWw5MUlZUVVTUEh5UGJLSFNaZkxaNVdhYVN2YzlDNTkxVndrOG9oakFkclgyU3R1Y3J4R3JuRUluYy13ZFQwdVY4SWtfdkVvTEE2MS1hWHN1N3p1ZFlmZnNBYWpINE9kYzdMcHFvbHFCeXM3RDNJT0N0dkpfTGQxQk9FSlhPTVRKcDFWaGNwdnVXaElLTndwUjVjLVR3TXRqVUU0V2puQ1ItMlV1VlRtb2hWNjQtLVhNMVlCdFN3dXItRGp2c3pHS0pWVkpVUnc4dFhIVk7SAd4BQVVfeXFMT0N3NjVIa3RjdEtoenMzSEVkd0o3eFloT0FpU1h1VFRZcDR6V011VzFjcDdEbDFCX25Jc1lUdFJ5QkRnQ3lOdTQ0aXlfWmxsNUFnWjVRNUFSTE05azZnNVA1dmE5cmJKQWxKd1l4WGRCcDkzMmJBS0FOVEw2SHFlZThXZDBpTV9TYXlPVUFRWm5xWnl2eHk4aUl1Y1p2aDJFVlc1eE8wYjZVRlNSNml6cDNfUUdTSjBjMHRVVGhVNHRDVUplWTR6LTZGN2pIdVJRcjR2ZzlRdVk2MmxzMW5n?oc=5,Jawa Pos,23/09/2025 16:42,Irsyad,
24,"Gegara Suaminya Saling Pandang dengan Penumpang Angkot JakLingko, Emak-emak Ngamuk Bikin Macet Jalan Rawa Belong Jakbar - Pojok Satu - Pojoksatu.id",https://news.google.com/rss/articles/CBMi8AFBVV95cUxNcFVXQzRyRmJxUDZsNzVreGxSLVFBNkxZaEMtNmNjaklxSklsbWx5bG9MbU5GaWJxVnJzN2RJeFhnVi02Ul9QVUNEaGdWZGFpeTkwV0NaanBQR1JaWFdEbEJWeWhXWnBlZ2Y3XzhHMTNyaXctRzVJT3lVcUZDM3h2SlpTeDFWSnNITkhkOVgwSC01Y1ZvRmtQZE0xSC0zdVIxXy1pM3FoTFJXVm92N0oxcFBYdGJjR3p2dmRGNFp4WmdRWXlHLUZJb2l1Xzc3QUVyNG83X0lRSG1WcDU1Rmtua0RyaDhJSHJheG9VNnFXQULSAfYBQVVfeXFMT1RmcmNtVXRUT3JYRjg2ZEZMRUZqb09oS2U5NnZpbHVXa0ctWl9JN1FnYm9rRlg1MGU5M1RkQmczVUoyTGJaNkdYYjFXdFZpdFVmRkdaZHNQLVlvZFh2Z0xJR29jUXIxUnVDQkticFhiZGNPaFVjckkwREwxNTZ2dEgxSVhNSXlDVTlFZXVkaHFxNW9fTG5Bc0kxLTR5bjFhX1Rzb204dlZoZnhaZnRkV2VnWnpQQ1ZrdW9EWmlPbTlqYklYZHozbENmZ2xNNGxkMUZQazUybkdaYnBJazY3ckhlbjVSM1U2WHZMZ1FnN0V0cnVFTk13?oc=5,Pojoksatu.id,23/09/2025 19:12,Irsyad,
25,Mikrotrans JakLingko Jadi Solusi Kemacetan Jakarta - MetroTVNews.com,https://news.google.com/rss/articles/CBMilwFBVV95cUxPaXlEdVkyVHc4RGFqUjNKcGxIa2NXUDFNNXRuRWFqbElPbl81cWV4NWs0V1B5amZxTmRVOVlTMVlOc0trU091ZDVzbm43QW02YUU2Uml0U1hoT1BQTENFUlppZk1NSlVZMFFqM2N6STdtSGhWSjh2RW1hU09WRlhYaWplUVoxSzAybTZSWXFpQ2g4TWswclN3?oc=5,MetroTVNews.com,18/06/2025 14:00,Irsyad,
26,Transjakarta dan JakLingko Tetap Beroperasi Selama Lebaran 2025 - Tirto.id,https://news.google.com/rss/articles/CBMijgFBVV95cUxNdkRpTUhhVU9rbkZGa3RLUEFMQ1NKakl3cmV5N2Y0T0JNOEJQaUxMOVRGdllGazVzOTBKc3RPcFE2bXFlZjZOV3VEX3FMQ0ZhQXZZNzRMa0ZJWHp4cHdJT3dzcHV3ZlpjZm1reXV4RDNkWU81NV8zOFkwQnEyLVYzelIwRG4tSUg3bFdNbXB3?oc=5,Tirto.id,12/03/2025 14:00,Irsyad,
27,"3 Transportasi JakLingko yang Lewat Stasiun Klender, Wajib Diketahui - kumparan.com - Kumparan",https://news.google.com/rss/articles/CBMitAFBVV95cUxPcFUwaFJ6Mk41VFNhT0tsNXJJYUJsSWtYaE1zQ0IxSE5tVi1wMlBsRmNyb0NHVmVlNmF0V0FTWW5hRFdzS0pPbzlBN2RkMUVYNVFIWFFhbVlTMHVMOTloemR2TFR4aGFESGFpRHlhTFZfT0dGSDVXTlN4V18yOUN3V1ZmWTBMbHEyYVdkVWdSNHhrZDZvS2czZkJFUFhjZ1NSelV1QUtqMllob2MybzBjZ0lleG3SAbwBQVVfeXFMTU9DUS1Icmp6TV80WENoMk16Q3JfNkFLS1FqRUdqbGdnam9vMk5YUU5FdmRpSVZ1VEpOdlFKTElhbE1uSFdmSWluc3RiV3d2S01WWU1FRTRCWjNpMFVzdWJTRjFIYmFWX0Z2el9USWM4NGZQOFkydHRoZGd3RHFvRVYtaGpsel9KeTV6SENaaXR2VTRNc2Y0U3B0SndJY2F0MktuSkxLOVp4MFVTbnJjQnB4UUNIMlE5Rzc2WEY?oc=5,Kumparan,16/04/2025 14:00,Irsyad,
28,"Daftar Rute TransJakarta dan Jaklingko yang Sudah Normal Beroperasi, Hampir 100% Normal - Merdeka.com",https://news.google.com/rss/articles/CBMi0AFBVV95cUxOX1JHeHUyUGZ0ZDB2NHdRUGhlQ3NUYmJRMlNUZEgzc3RZSXRndFlPQXJoaE1xTTBrVTlLOURZMlBmOGE0VnJWV2NOeUFDZ2xUYzJTOGhaamRQb2JpNENSQ08zWGtveVM2amRTd0F6R0kxb2kwcERBcjZyYXlpN3RKeGpOalEtUldCeXhic0tNeXBJUVVoZDlOdzl5NzJpSDh1YlV2TFJ4bUxqNGhGNTVnUS1Cck9DZlBYTUZlZDRlWS1xVEduUEFPdEp4NE96WkdN0gHWAUFVX3lxTE9FUVJmcm5YVllRMTllTFd3ZVlZUUhTa2JLOVo5LXY0T29nbnVTZ29FcVJUMVZFbjNKTDFCTXBpeVFWN2tBbWxhSC1HV1pxaFpTci1vZzE0bVUwd2hRbUUwQUp6NGZ1Zm16aWxSTmdKLXZqYTc0NFlaTDBKOUw5UGotczVkOU9DUU91d1hFT2pkZmd3UEtXMmYxSWNMbEc2TGt4U2F6OEd6cWY1UmdmWWFPM1VCQ2JVTG4wdVBaLUZxZUhjNzdQU19hZHpzREt6dC1RaDFPMGc?oc=5,Merdeka.com,31/08/2025 14:00,Irsyad,
29,Apakah JakLingko Perlu Tap Out? Ini Panduan Lengkap untuk Para Pengguna - kumparan.com - Kumparan,https://news.google.com/rss/articles/CBMiuAFBVV95cUxNNDItb3A5VWpyQk9fQzMzdzF2Z2xSMU96ejI3dlc5RGtXaEh5bU9oNV9TdWdfN0tlMTIwQmdCQnBQbXppQVdqNnpiTjRwYVFPbmFSZnFnTGhmencxVG55M0YyMUI2bzZEeWF1ajRYZkhFLWUtRzJWTDlDQWxkcWJhdjlld2dCR0gxdk5sQmlDc2NDQlBFbWdOMk41WVlnaVF2STFieUlBSVpVRnRoQXhNdmxoR2VPd3B20gHAAUFVX3lxTFB3V2QtUTBFUzZudGE5Q1NsbHdiTlNwR1NZanhvc3pvdlJfQ1Jnb1dpWkJGV3Rub1VBM2VsX0JoODZ3cDlLLU9HOEZHS2Q4b2RJMXBiVjBUQ2oteV84am1SRE9waHB3V25ZTnBGcHJXX2RsekFTMnV6V3I0cGQxM2F1cXU4dmtjZ0d2ZElVbWpLSmJwZHVUZzVuYXBzR1BRLWlRSWNYWXFVV2VPc2EzWnF3cnNhY092ZF8ybjRCOUNHRw?oc=5,Kumparan,16/04/2025 14:00,Irsyad,
30,Tegas! Pramono Ancam Pecat Sopir JakLingko Ugal-ugalan - MetroTVNews.com,https://news.google.com/rss/articles/CBMimwFBVV95cUxQcVU3Mlp0V3loY2cxYWFjQm4zNG9TVHZmbGxQbXd1ZkJhODg4Y2FBRWFVLS1CQXdEQXY1dVJhWjVkbk5hZGpqdnZabExuNG5VV1MwV195bHVVamxmS2g5Yl9jRHJabnpBTTBMNEtzNzlDTWttekg4dDdRWjlyMFRBalFna1MtWE1Kb3B6T0ItR2l6MTFQMUpjbmRnQQ?oc=5,MetroTVNews.com,18/06/2025 14:00,Irsyad,
31,Jam Operasional JakLingko saat Lebaran 2025 untuk Penumpang Transportasi Umum - kumparan.com - Kumparan,https://news.google.com/rss/articles/CBMiwgFBVV95cUxQUTZBZjVOUUFSVGo2Z2paTTlGTy1IMmdRZ0pTYklkUXVCR0t1SFloUWQxeTRRZUM0WDR3QTlRejBnWDFpNVgwdjBHWDZtUHd1U3p4WmZaMGJSNzdaejhUdlN4U0lBVkZ2YXpURkpUS2dGdTVXQmZJTWNFQnFtWGJqUFl4dHdaX21EZy01TW41ZVFkelEwZEE1U2JOdHlOOV9QQmhmOG00N0xVRkFTOW9qTXNzSl9YTHZqQzdMOVJIQmlnUdIBygFBVV95cUxPX1hCaXpTVkpYTnRpd2xaV2djcFJfOU5YNmJicGtZTEE1enBUN1NDUGt4Tk40Y0IybnZzX3JZTDdUS1ByWG9jZWZ3VVhzM01YMzVPbFF4SjhaZjVXOUtjeWdpd2pOVGRybTZDV0lSc0pUVlpPd2EybXZLZzIzWjdDR2s2bmh6RTR6UXowRGFkZW9yVDUyblVEVXo0Vm93cTg0Z1NXM1RKMTJqcW0wbUI5TGg0RWJid2VnTWZqZWJlckt2MlR1QlhTaGpB?oc=5,Kumparan,24/03/2025 14:00,Irsyad,
32,Legislator Minta Pemerataan Layanan JakLingko hingga Pinggiran Jakarta - MetroTVNews.com,https://news.google.com/rss/articles/CBMisgFBVV95cUxNRkZxT0I0QkktVTFiVEFnYXlzX3hybDZvMWhnS25VTkRZV3FMTXhPVW9jWWhqTDdBd2ZuT1g1dlJaQTFmT0lXQzV5LVVTbjBJMTBvMzNQQjFLVjFxMnhUX3JOakFaeFpnR0hfa1g1TXhHTUI4dUNrMGRkc3k5WDdfR0tlT0FLVVhQRkJvMERNWGhadFRzYWp0ZWpucWlpOTkzQmNDSmJnYk9Jb3k1MWJlbzFB?oc=5,MetroTVNews.com,27/07/2025 14:00,Irsyad,
33,"Dari Depok ke Jakarta Naik Jaklingko, KRL, dan TransJ di Jam Sibuk Ibu Kota - kumparan.com - Kumparan",https://news.google.com/rss/articles/CBMiuwFBVV95cUxQQXdNSVduUk1VM3FmZC1KSnVSQktSSGNyMG55NW5BRlNiX0dCdjFsSms5aEJOWkVVQzl5YldjeV90UHdLdVM4TlhNMWFWcjZBZW5KVWVLWjB4Ujk2UFlEamY2SVM4dDhnTjM0V25jbm45U2FIZTU0VnVrSmVOOU1Qb0RaYi15clhGc1cxMmptLTNocWdweFluWXRyaW50NkY0RnUtRHM4dHVZUklTd05rdHZjRDJTUVNLZEN30gHDAUFVX3lxTE9obkNhcTRMN1hzeXdkYkdvYWo3ZWYzdkd4a3ViaDJ2OGZmbmROREFYTC10aTlldm81YzEzenBXRHVoVmZaczZXaWFmLUw4WGc3RDJ6SzF4Wld4Yk5lcWpVaHBrMW1fZ2owUFoxbk5JMl8zcDR5NlRhSTdfWW9JTWEzZjNQdllNQUlJRTVrb2c0dEg4cmtmenNSUE9DVkxORGZsVFlWcl9KSnRuTkVTbDNPVTRGTVREOXJiYjNYcFBaYVdmUQ?oc=5,Kumparan,17/04/2025 14:00,Irsyad,
34,"Kelelahan Narik Usai Orangtua Meninggal, Sopir Jaklingko Tabrak Tiang Listrik di Sunter - Kompas.com",https://news.google.com/rss/articles/CBMiwgFBVV95cUxNUG1iMHlSenB0UnU4c1BlbFM2bXEybnpNbFNMUmZ3QWhPeHZiaWh3UTVCaDVuT21zN0Ewb25SOUQwalFoZXQ3SHB4enQ5RXpvLVRkamNwRXVoZ3BBakxMRUZNajUwMVRWN2dYTEhzdGhJRzFKWjgzdEVwYlpQbG1nUkVHMHRMbXJVZTVqc08zZmkyWjZ1X1huYXEyX09SZm9Wd2Nienc3ZWMwMVVDeml4YV9aUEw2ZjUzdVZWMUdiaTVfQQ?oc=5,Kompas.com,02/06/2025 14:00,Irsyad,
35,"Dampingi Gubernur Banten Penuhi Undangan Pemprov DKJ, Sachrudin Dukung Wacana Perpanjangan Rute Jaklingko - Pemerintah Kota Tangerang",https://news.google.com/rss/articles/CBMi5wFBVV95cUxPRFl4TnlNcTVXZ0FyV3ZzVU02QXdZc2dKWV9EVk5ubVNWNDJHUUdFMC1iQjZZS2gtWm9SSTh5V19VTVdaQUtGVlFXSVdZYkNGcS1QRXlsOFhTbFhJUEpiR1Q5SGtRWC1BTnhwdzUyblNLWE5IcTFuZGZuUDZSSmJrRzMxWWlkS2Z1NGxMdU1rSGZKTlNDdXFRd1RRd3NfdUJYTEdQdWdIaGtZTzVJVnZROHRZT1hfX0JxeHZLWlVXeEkxSURIT3hzSWR5b3lhRVZHdWlqZldRakYza0RtXzI3bGZ5NjNfaFU?oc=5,Pemerintah Kota Tangerang,09/04/2025 14:00,Irsyad,
36,Pramono Ancam Pecat Sopir JakLingko yang Ugal-ugalan - Kompas.com,https://news.google.com/rss/articles/CBMirAFBVV95cUxNMlhwMUZaTXhseG5yOFJlN1pscVNkRTF3Wk8ycWF4ajNPcVlaNEFIWWlfZTVQaWw5LWFJZ2xQZTJoQ1VZOGJLMUN3ZXJNRHZuM25aT3BmclJLVTBUbl9DMXM4Q1lNWXppWFpDaE5vZHBIdllucjBaWDRjTlp6eG5TWERFRHc5QzIyUThHd2RVYTZZY21UVHlxNDMzRUpyeUE3U0RtalZJd2I3UjFa?oc=5,Kompas.com,18/06/2025 14:00,Irsyad,
37,"Dorong Penggunaan Transportasi Umum, Operasional Mikrotrans JakLingko ke Daerah Penyangga - MetroTVNews.com",https://news.google.com/rss/articles/CBMiygFBVV95cUxOWXlxdjVuenowcUpzcl8wODM5aTlfQl9aUzViWU10Tjd4X1ROZDBNemlkQTl1X0dNTmJqeVNFTmNCSDluMlFWaVFSZW5Va0t2b0lBRXNvc3Q3cGdxd2RRLVY1ejdsaWZYUVdKNXE2SU1FYWFTUVVTZm91UEFJbEN6bklsS2FNQUtrREhOTkhyRWpVNjNFcmxpa1U0cUxaeXJ0RlhKZngydS1TWWRCZEF3SWZhTkpGOU9HTlo4eFRFUHhQc2V3cUxrcDVB?oc=5,MetroTVNews.com,11/06/2025 14:00,Irsyad,
38,"ASN Bakal Wajib Naik Angkot, JakLingko Siap Tambah Armada - OtoDriver",https://news.google.com/rss/articles/CBMirAFBVV95cUxQbi0tdmtTeFE4RWEyN1V0NEFURk9MaWVqdURuaU42MUM2U1FRTEdlaUUxaWpfcXdCeFB2OFg3Q01Oakp3XzZMcHFpbjN6a1JBX1hibmRyOEdxUnRwT0JNSkZ5QjdvM3JvM05vcjVsY2x6clZDTXpKcThFZGpEM21tQzdnRDJwUTJZV3dRelNkMm9qU0MxaTJCQjlwWWctTTdZSlpodzVZSThUSm1z0gGyAUFVX3lxTE5xa1h0S2Vsa3RfVjZwVEhtYWQ0UTlyOEhTMGtkYUhiVi03OUdwcmxiSFhhMjZnM3djX01neGFfYlE0ekY5QlNnOXRLV0FJcmpReEhHSERXeWZtTVY2cVAweU9uSmF3VDdraEE2Vk1CQ3p5U1VmVGZONHIwMElIbGVqNVN6bkxGQ2dHTlBXMUM5U3BUZnI4Y25UbUVKdGtxMlhZaHgxX3pPSGdlMjNJWmo0VkE?oc=5,OtoDriver,08/05/2025 14:00,Irsyad,
39,Pramono akan berhentikan supir Jaklingko yang mengemudi ugal-ugalan - ANTARA News,https://news.google.com/rss/articles/CBMirgFBVV95cUxPNE5jYTljZ0tBczdmemdxWU9laE9jVTh5bm1vX1IxUU13c1duenpoZkcyUEJIZmo5SW03MFNrWjdkbExlS0VST2EtUWd0Q1Q0dlZCTHpPcXdCYzA4OGNld3hhckZYVlFEWmlXNGJvbXBIbU02NGNIUk9fb0NDUjBSVWVnSlN5aXJNQnBKd0prd0RjTmQyUTY2eGg1UGR1VjRPdFhiRjBlLUpsQTZYUGfSAbABQVVfeXFMTmdEbURpVVk3MENMNkNsaTQ3eVlxbE92RXJwNWctTGVGOWZ3ME1xdko3eUw0a1J5bU0wSllJei1uRFpZNmhOeHpZUE5xUGhYUG82TU9oMHM0NVVJbXhxYmlRMzhEdnpCNDN2dThlelNnUGNCSl94OXBYUHd2OE8zRENGV3BxbVIyNFp1RnJPd2E3eE0wakQ3OXFYM2hsVDVpeWhta0JIVEUxSTQxOFAzLUs?oc=5,ANTARA News,18/06/2025 14:00,Irsyad,
40,"Pemkot Tangerang Usulkan Perluasan Jaklingko, BRT, dan Transjakarta Hingga Dalam Kota - MetroTVNews.com",https://news.google.com/rss/articles/CBMiwwFBVV95cUxQSjFPZ1U5cC04c3Rwd2p5TVlVTXdNMjNna3JORFdlcWNPUnJqZ1V1eHR1VkZkZ210Z0wzT2dhWFdGTUJKWWpmQnFvTC1sUF9LQTZUNFBody0yZUJhbzhIUVpIN1NGMVNOVWNpVWZOQmZYNVNBOXROTTJVS1BxUE1uejBuQWpydTI4UkhoaW5vVnZ5dEh0dF84eFhURHZLVXpTcEVtYmJyaEJKcnp0ZG9jWk1vZUQwcnVJcUlZSTI1cjdOUVk?oc=5,MetroTVNews.com,10/04/2025 14:00,Irsyad,
41,Saat Tiang Rambu Jaklingko di Tanjung Priok Turut Dimangsa Maling Besi... - Kompas.com,https://news.google.com/rss/articles/CBMixAFBVV95cUxPM21icEZEaHdGME9neEVQZ2tyakhDSTBLaTZmRWRYM3dRWUVEeUZ6cDB6N0JTV2JCVW5sSUFMYmdZbHh2LTR6OHdaX2IwTkpiZ0pEVFFqYmU1SEFlXzNWQUJhSHpPbWNLWi14VHpwUF9NbWRQUWdZYW1PbVo0X3NjaUxRakNQb1BpOExqOHJFZkZlUHR1dXlmTG5haHVBV2RQMndUMjI4RExQVnRGOVBDdnlBaEpPUUtOa3hsRVNhNTFCZXdm?oc=5,Kompas.com,03/07/2025 14:00,Irsyad,
42,"Patuhi Ingub, Wali Kota Jakbar naik Jaklingko ke kantor - ANTARA News",https://news.google.com/rss/articles/CBMinAFBVV95cUxQdEhkQURmbTkxQTdqeXpwNng5OU5pZ29xVEw5RTRxOTRFWHUtSVlOOE9qUk1NR20wOUxVLUoxZFpKekpqZHVTYWpBcXRGalB5UjNoOXpvcTNFQ2FfQkZaTDdidXZxRllLNXkxOG41SFRIUXFmZVMwYldNdkJ5ZVlvR2hXV0xhNXFIQ2RCakVMNG1zSXdTWkNQZGlTVVXSAZ8BQVVfeXFMTUVKX3RNSVRzT0FqcGpTQ2JtdDA3ai1qQW5LdXA2dHR3ZG9uc2ZPdHNHQlg5azFaYXRWZHZJTHNNRXl2S1d3bm04azgwQ2RIb2RqekdOOWZCRGEwaVQwd1dsR3VETllLaGp6TDNtclgxaUhuNF9QeGJuQ1EwSnYtYk9VM3hWVG1wcWMycGVoYXpyRU1XN0liUEVEQzhpNkZz?oc=5,ANTARA News,30/04/2025 14:00,Irsyad,
43,"Cara ke Taman Lapangan Banteng Naik Transjakarta, MRT, LRT, KRL, dan JakLingko - SINDOnews Daerah",https://news.google.com/rss/articles/CBMiyAFBVV95cUxQeEZGSXRTbVJyZFV4WVByRlNLU21WOVRld3VRVXR3TE1jRDg5VmVncXJXaFhmMkhWTU85Z0ZRSGNCOVpPdzFNcFZQVWJaUlB6akhQcGZDR2t6dmQyWFgtRFNuZWVFOWpyRzFaUi1ySTMyTDVqMVhqUHJsbjJPOFhJZ19EU1pfMkVWSnBYLWxqWmtsVVVGVk9lQVhyUzNDSzl0WU9wNC1ZQnQ3N3E3b24xdlNzQldYZVh4WW5sc055R1YySWdUaEFqWdIBzgFBVV95cUxOVVU5dFBTdjRoLUVVcUtxSV8xU0l4Z0M1Z3dSYUlVSEZUWWVxamVFeVdIeEdta29mNXpRRG1qR1FVa3FMTG9tSXVDTllkWHN4RkVqZkYyUW5OcU5Sc0hmZmJZNnRLaFJTZE45MUZhQVZIWXpNbVhOUWVGZGdmQ2tiRWJURjZHWmJ6YkRSdlAwckhVYWlKWTF3a0VXY2RIS0lab2ZSZi10TnA5dzZaX3JjSnppWWUtTWhUNjFCUUpucDZIWElQLXNZX2JGWERaQQ?oc=5,SINDOnews Daerah,18/06/2025 14:00,Irsyad,
44,Fakta-fakta Angkot Seruduk 4 Motor di Jakbar hingga 8 Orang Luka - detikNews,https://news.google.com/rss/articles/CBMipwFBVV95cUxNSnFQcDdGbEVZWU53YnJrYUpySXc3RUhLMEJoblEyeE5ySXhFT01hdlhFWndwR01MR2F1VUV0SFlpYkxUOVRaVXhJOVh6RjRUdEM1WWgzVXRHZi1ZNnV1VVpaOVVhZEE4VnNWemlEaGI2RnVEUU9PLVQ2b0pxeEswZ0FlXzFneW8wR2RpZGczeHhJX01pcHpwRG1NT1VpdENYcThwMHRlTdIBrAFBVV95cUxQSXpjQkgwNU0wbzVWc3Vuejl5TkpBSS1qbzJCdlRwRV9GTlk1V1R0eXhzMWhJeEFGQVFWaV8wZWpRWV9nUjZrMFdjYzRKZDRRNU9iRUFpLVdnVVhQNzcxeXRocGJFODlCLV9zdGU3OTAyZmt2TE9lSFdwTTh4ekliQkQtX2NyaXZhQ2s5WEFSS3p6V29vV2xMYUtvZ25sb01PYVVrbU1iUnVNNm5s?oc=5,detikNews,10/05/2025 14:00,Irsyad,
45,"Angkot Mikrotrans Kecelakaan di Jakbar, TransJ Pastikan Tak Ada Korban Jiwa - detikNews",https://news.google.com/rss/articles/CBMitAFBVV95cUxPcGs1NXVMTzdUdjVlTEstSjh1M3dCVTZBdmhEbU1fcl9NREhuYlZ2MGVoTjN2dnFuU1l4OTM2OXNaaHdxNlR5OV95UFlkWFBoQ19ZMEp1c0tWMGNZcHQ0SkRWVmVVbHpqUnI4blpUZF9MaFFmNEotSE9fQUFiVmY4OUF3bjdPZzl5elJBOEVaUzNCbjNGNjBiSFo1aTJVQm94Yzl0SmlQWmxUTDh1WENtY2g0MlDSAboBQVVfeXFMTVRPUGVIVXg3VTIxem9KYXF3M002eDAxa3ozdlVzSTlKOHRzdTZWajd4bFoyLTNlMlVERkt6b3dEZHljYlBJQjMtMXJqQmxqbUxTc2xiUTVDVVRhVF9LM1lsSGxVM1k1LTlYaTVyWUJid2JFYmFtaVhZZzN1QkRiOWMyX0tuaTVwNE1fTUhvWDQtSF94ZGhxNEQtVTg2QUtwMjc4SFlvUmtMOGxXeFdnR2VaVThsU0Z5Tnhn?oc=5,detikNews,10/05/2025 14:00,Irsyad,
46,"Promo MRT, KRL, Transjakarta, Jaklingko 17 Agustus 2025 pada Kemerdekaan RI - kumparan.com - Kumparan",https://news.google.com/rss/articles/CBMivAFBVV95cUxNTUZ3TUFfRWRFLW1oMjVzZnNadm90MTZKZkVSQUxZb1NLZkczb3MyLTluQ200V1dsa0VzWFNQbkpSb0JuNkVHSUlXUXRRM2tMcTFScmVOUU5TV2NEUTdUa2FvUW43U1FYdVBIbWVDSVNkcmNXLUJGZjR4Slc0SzZGMllEMkxiLTB2a0hMa3JQeERPUEVRdjdMZlZXaE9wdFYxLUVRS3B5MXp3aW5mdG1nNDB4RUpENHRqSnpPNtIBxAFBVV95cUxOUlNTNXRiUHdYOW9fVkl3anR4ZGFzMk84ZWZscWVUZ29ZejBEMmh6UWdvQ2NlUHAxMFNYRkU0UWxITXIyNW9zR1lJR2RPeTNyaFlNSi1CdTJKOHVuTXJsdmgyRkdlc1VkYmdvRUFuQkk2X0hWXy1ZeDg0VS00b2FCSkpoejhfRjNFT0ZzQ050QzdoUUQ2RVNJdFNsbnRFMTNZQm85bDFUclZ0RVZDUXJUajRTMHNSV1hhVm8xZl9iLWRoRnRi?oc=5,Kumparan,03/08/2025 14:00,Irsyad,
47,Transjakarta Uji Coba Mobil Listrik buat Armada Jaklingko - detikOto,https://news.google.com/rss/articles/CBMiqAFBVV95cUxOSVozWVhGaTZ6Tnc1WXd3RVFUVUpSSW51T1NPNFJGRzMxdmZUdmNobHA0cWVDVDJ4TFItWlFENzc0aDRsVzdwSXdqd3UzRU1HVXV0MkhIXzFWSzZvazhVYldmRDZPVF8tOUdjc0JFTFdsbXU3R0NITDRRdTNRZlNHTlpieHJBT2djc1RGZENQY0w3MkdnNWprTDk0OHlqZ0NVazRhazNiOEzSAa4BQVVfeXFMTjZtRXNodDBOejJUN0I1bm5xMXdOcUh1SXRZRTFjSXI2WDE0ZmdzOVRuQ3NIVEE1dWRWY0J1SXRUSTl5SHFfUWtiVnZQalRhZzIybmJpV0EzeU5POWZaV0ljMExGS295Ni1wUkFLMjE3N2VpMHJZVGxMV3pSWW9yaWF6OWM1OHRvaVlybmNHY2pTZWtFVlI5TG01MWFVTElBMENfSVpwa3dPVV9ST3lR?oc=5,detikOto,07/05/2025 14:00,Irsyad,
48,Jaktim upayakan penambahan JakLingko di wilayah perbatasan - ANTARA News,https://news.google.com/rss/articles/CBMiogFBVV95cUxOMkNCWDYyNTNWdXRfMEVEaFhYaVQ3Q21TTWhvc2dLNHpwQmJTWVJJTmgwbEJJMThheXZhTm81TU1sajgyVWRhV1ZjQ2prRm1ycjd0M29oaUVNN2ZTajBEdnhxc2lONjNXTVVSWUdwdmt5Qk95QkR0SkNwbU9jWFFhQXhwSGRsTUFRU0lHSzhQLVV4YjZ1VHc1RU1fTmFIUjR3bVHSAaQBQVVfeXFMUGxMWVlBaURwZXZWUkJmbVY0NVEzRlZFSjdUbUlFUml4em11UzJPa2JHUGpqNGpBZzgzNGlrcDVqeUQ0ZDhEUTRoWWFidloyemF6OEtFWlB1QUFnV252anBiZG0ya0ZvclZWYWg1TGhuNUJyckI2aUtuVy0zbEFteUJ0dy1IaXRWRDRZSldPVjlTTzFqVFhpdkowZG53U2VjQjFld3c?oc=5,ANTARA News,07/05/2025 14:00,Irsyad,
49,Lansia di Kelurahan Susukan Difasilitasi Mendapatkan Kartu JakLingko - Beritajakarta.id,https://news.google.com/rss/articles/CBMiqwFBVV95cUxNajRLVC1qSGtzUDNHbUptMUIwWW9QOUFpNDJ1YUhRUnhRdG1pMEVLUDV3c0ZHSXpaSGxiRk9aNmg4cm1nOVdNX0FJckdWR1BMMjVZbFlJY3lqWWxDTFZsazl6SEo4WHliRjZGbXZrTXowLWlUdVhYMW5ZV1M2dmFRUTRrMHdYSHppeXU5c1lGeGdUOWFBSXplMTFGdlZLOHJoeUpBSjNOeGRfMTg?oc=5,Beritajakarta.id,23/06/2025 14:00,Irsyad,
50,Pramono Instruksikan Pecat Sopir JakLingko yang Ugal-ugalan - news.okezone.com,https://news.google.com/rss/articles/CBMisgFBVV95cUxPTXNJdTc1bnlzUUphMHAtYThCZnNEMWZSanFkcHRnZGpLUWRnaWhKVUJtdmlKTjV1QmtNbjdXYzBuU3dHQlN1VXl5alVGbEVFTzFFQUw1OHV1SVFsclVaYzM2WTdWWGwxY1pqaHJmbGtpVFNUSWh6TDhNdDlnN0FKWFFUOVQ3QVZaTzUxWGYxcGctZnRkRENXdEttdGtkUTJXN29EX3g0X0VHOEwyT1BtMTVB0gGwAUFVX3lxTFB3YTlZeHdOTGgwWGk3V0tjZ0FPbzExQ3VwTUxHcWhJNHR1cWstRFdtOXdJUFVjOFJxU3gzOHZ0QnJGRFY3N1NwOVVBU0ZFR1d1OUZvYnpqNXA1bUR5ZXdQSTA3Tng1YVR5elpVRVBGZm15al9id3BRWnlBOWlFMFRpUUtYakx0ZUcxWnAtSXNGbWtEbHh1RlU4cm1SQVRxVElCdWlPR0xtU1VXckJoZVYx?oc=5,news.okezone.com,18/06/2025 14:00,Irsyad,
51,Daftar Rute JakLingko Lengkap 2025 untuk Menjelajahi Jakarta dengan Mudah - kumparan.com - Kumparan,https://news.google.com/rss/articles/CBMiuwFBVV95cUxQcll3Y2RpODdFbVBKVy1OR2Q3SUZtb2ZxcDFxRHp4LUhPQ3BfTnc3bDNnRUJ5YllGYU0zcER3VlA3T1N0cDhzUzBTV1d1R2F2Z2hxRFBMN0M0aUxidF95Y25OeTNBcVBoLW5Zcll6MDdQbzFrWTlxcF9rZDVrSGhqcnkzYkJwN3hkTG54UDlhYmRDQzg4RnJ6YVBFanduRGdGNnplVk5STnFibHU0QVc2XzBxNk1rUUhIWjFn0gHDAUFVX3lxTE5URzNqY3YyQ2lvMEhrZmJjMTZnU29LbW04VVRGaUgtNlFIZDlxZnRaZ3VRTGlEVFdPS1VqYThhaVFtcW5qMlF3S1BtQ1dwX0x2dnNyanNXMkhXSXotZ1J4Z2FjR3V5UHhoeGRTRjZFMmJNY3FjZVVNc3FGRlBDMjU1Q3E1a0VpandBSGxQNXJ3ejYxdUNGNTU3OHIwcW8wdm5RWWJEUmY3dllHdDZBWkRmSDhlUDZIb3VsdlVjX01RWWFpbw?oc=5,Kumparan,17/02/2025 15:00,Irsyad,
52,Wagub Jakarta Rano Karno akan Evaluasi JakLingko pasca Tabrakan di Cengkareng - MetroTVNews.com,https://news.google.com/rss/articles/CBMiuwFBVV95cUxQM2ZEaEZQWlVjWnVwV2Y2clc3X3YyMUFQZlJ1bzEtN2hiS1Z2TjlQbTNEcDh2dVVGYXhKV0xhbHZGVmJlUDZKZXVCeUswUVliUDh3X3BHWnZldjRLZnhiVktzOU11aUVSWDFHRXF0ZjVmRUFyQzhweUdNZWxFNEkzOFcxcnVFdXExTUdqNC1Gd0RsdklVa09PM3RxNzN0Sk81N24xdGpPMTdPZ21wekYyUkV6OEhqZmJJRy1r?oc=5,MetroTVNews.com,12/05/2025 14:00,Irsyad,
53,"Jaklingko Trayek 01 Tanjung Priok - Plumpang ""Hilang"" Ditengah Keperluan Warga | Kabar SBI - kabarsbi.com",https://news.google.com/rss/articles/CBMingFBVV95cUxQT0kzMUxqbWs0UjFWWklBbFBIanJSdlRGRnFxa1FxZHVLSG9VeUpMMmpzNlZqVnFBdzRrMXlqdm5IbncxTWZjSzdHTFFOTTdqcU50UnFOLVNJWGNXeDRCQkI5WmY0R09QNE9yeXFvblhDNk1vcHpRRkV2ZmQxazRRaWpfYktUcjAyQjJfemVnb284cVBSVGFJdl9lWEtBQdIBpgFBVV95cUxNbWVMSFE2OEtXTkVKeVNHbXQ1NzZPNGxHeDNwQ1lVdkNISmwwejBHa1QwWW9keHBaLW15cE51OTA3eU1kNDB1YWRvXzBqbmJXaWxoQzRBMmpoc3VqS0JVdk1xLTJLY29UTTBlczY2X2owczJNcE5wRHc4bm80SnBBbUZqVWZfRnBIeGFXUm9naTdOWWI5SlhWdnFaeU11X1NOSFV1Mjdn?oc=5,kabarsbi.com,10/02/2025 15:00,Irsyad,
54,Pemprov Jakarta Berencana Perluas Cakupan Mikrotrans JakLingko ke Bekasi hingga Bogor - Kompas.tv,https://news.google.com/rss/articles/CBMiwAFBVV95cUxNaDdsYW1TTFVldW55UzRNQUJaY2hOQkhwTzNCZlFuX01nVi1DME92VlAzcEcyclc3VUV3QXMtV2diQk45cE05dFB2c0ZwOTVmaU1aQ1pnbkdvSkwzZ2hYLVZ3MG52Qk44bkNWTE5jMG04dmY4Wk5pamVOR1RzcmNxMHdKdFB3dlV3bElPa3ctbHJuS2o2ZjZSSHA2Nnh1djhRTkVOelUtY2p0RDJ5S2lqMkVRTGpPQXNROHB1YkJRSm7SAcYBQVVfeXFMUHVTQTFVYUtwOFlHU0pITVlvenBQWjMyb0ozS2szaHZfMUhDQmo1ZUo1djhENUNPTnA5TU5OVG1FQWJmNjJNam9KV2ZOV2YyUGs4bEJDcGdqOEVuOEtNeUtESW1fRGdVSGFHejBuLU5GTzc4V0JMeHllcjdhVWNzRFFXcExpU1FSbk1zNHdQeFQ3TXdNanFQXzVNYThfMGpXWUMzcHdIWGVNRndZYTJBU0swTEZIMXZhcld5dko3XzIxLXVzYmtB?oc=5,Kompas.tv,24/04/2025 14:00,Irsyad,
55,"Naik Transjakarta, MRT, LRT dan Jaklingko Cukup Bayar Rp 80 Bikers Catat Caranya - Motorplus",https://news.google.com/rss/articles/CBMixAFBVV95cUxOcUxhbUFGc2RId240M2hyTmxLTEgxaHQtWVd1UzJzV3lSeEU1SklSVWY2LUJHVHRqcVJfbHE0aUZ6dkd0RlJiY2ZEajF3d0ZDYmNRNlZwQXNBZEoxcmF6VEdOd3pVODU3UF9JTjA4Y3pTbUR1RWJGWlRKaHpiWFZxSHM0UERaN0xCV1VkUkdCSTFwcXpzczhtVXdhOXZDZVNIX0hyanhBaGxWbGJ3SUNxWnZwYllPcGRrOWFoaEtmd2RSZFVh0gHDAUFVX3lxTE16ajJhUkJWMGhXWFZJVUxReW1TdFd0YWpTWFBNbXhGYmFiLWpEajAyZWgzbUtqRU5VZldVV1FLOFBDOXR6djZwTVJHU2lPMUltMXcyam9TTGMwaHhjUE5ZelBrRGhzbTRKWWFjQXVNTXZsWVBnYm5BNnZYTzdjU1Y4SUZCUk9pN25tWHdQQUg4UmtqeWVWVDY5VGJJY0l6QW9qX2R6LUEtTGtlRV9rRkZkWng3SXNKZVdmNGhQNVBtd1dqQQ?oc=5,Motorplus,12/08/2025 14:00,Irsyad,
56,MTI: Jaklingko Jadi Solusi Transportasi Murah di Daerah - Bisnis.com,https://news.google.com/rss/articles/CBMiqgFBVV95cUxOb1NXQUhfQnQtWFV6V0MwTTBFeGJtNzhHUzBsLVZtaHdzNFRrNzByVG1WYjFqbDJtU00tMnNDVlN0a1BMRzN6ZEpYQWNJNmppbHh3TG12VGhaalFrcjRMUS1kbW5WeDlCeHA1aDVaZzRwNUktYmhEQmZTcjUtdVJQbVNBc05xLVlrUGtrc00yclpBc2NHYUlFYmNZN2NZNzBIY2lGM3FxVFJ1dw?oc=5,Bisnis.com,11/08/2025 14:00,Irsyad,
57,Rambu Pemberhentian Jaklingko di Tanjung Priok Hilang Dicuri Maling - Kompas.com,https://news.google.com/rss/articles/CBMiwAFBVV95cUxNbkN5SEUzZTdCVVYwcDhVVUY4VENiLTBCeGNMb1Nfc3IxWDVsaGRJRjZ6NlRlM1g4blI4SlBlNGlDb2pxbHZHV3c2VUFtZWlnZUN1c1kyYW5JY2ItbDFxYVRRclotZ2taS3Zqd1BUWktCOTFjSE9YVmxxVjJrcVJKdXlpMUpLbXJMWXdHQ2JUUE5Fd050LTU1dzF3SVFPdklJOFpfR1JQakRGaXhoREhhSDh1RVEteVVoSVFsa1A4U0w?oc=5,Kompas.com,02/07/2025 14:00,Irsyad,
58,"Pramono Anung: QRIS Tap Akan Diimplementasikan pada LRT, MRT, Jaklingko, TransJakarta, hingga TransJabodetabek - Tempo.co",https://news.google.com/rss/articles/CBMi2gFBVV95cUxNQ3NNVHdMQWYxQk1GWkh4d0ZuRG5FNzBJdVdTRkhXUV92TVczcnMtbGVHUUoyNlZybVNmUTN4TkpzdmNWUlQ2SXlxWVhEV3Q0N3EwWENVcTNIZkpPbGE1MjI3RjRtdjZRRFdyZ2hHdndyeUNwaVNlR1RxX1JDblNMdndvTFIwbkJYQnBlSmM4Z2pkNDIzbkdGNzJrRHZJZDNQOUJxenlrOE14b09lS1FDT2NFQVdUcmtZTzVLM0U5eFI5NTFSaFlGUGQ2bmt5alZKYVR6VHBlSm0yQQ?oc=5,Tempo.co,14/03/2025 14:00,Irsyad,
59,"DKI perketat seleksi pengemudi angkutan umum, buntut insiden Jaklingko - ANTARA News",https://news.google.com/rss/articles/CBMisAFBVV95cUxOSnNPblJIbmxlMkdFVUppOTlKTEpCcUxKc3pkNVVod2F3SFlZSVltX0o2blc4WEFER1VNbi1lclpRT25peEJDMjd6YTBpREdlQWJJM0tqSkFnV1k3akU2STFfY2dRLUhvOVN4WWdrRXRzM0lvTEVSZHpVTXBlYVV5bG9oNUtxWEF0NVdhbFdnaHhNOEQ2c3J1ZmQ1dGVwbk0yc2QxQ1FFbnVMNF91NFplLdIBswFBVV95cUxQN2R6ejRINmJxM2RhdEhiQWI0NHlUbVFYVDJTMHBoTTFCd21zcnVLNTJjd3pjV01tMlJVTngtd0FTWHcyaXNTY2dDdFpsbG1JYzZrUG1OWGhYUUtXaU5qZkwwV0VOUmJ4bFFzSU9MUS1mczJFNnBUdDIwYXdVQmtieDF6T0dCaEJiMmdkMUh1NkFIYTBiSEhWUUM3RERIUEdzUERZT0hoOUpCMzJRY3k4bFdtRQ?oc=5,ANTARA News,12/05/2025 14:00,Irsyad,
60,"JakLingko Tabrak Sejumlah Motor di Cengkareng, 9 Orang Terluka - Kompas.com",https://news.google.com/rss/articles/CBMiuAFBVV95cUxOOXpobjBjbDZzTGJJWkVIVFQ4WlBGeWxVUHo4MWJaNTZaNG8wTFdPTXJxZmxleEdPbGQtSjlDRjVVUlU3OTRabXNqU3hfekhKbXgyWEd3bExuNUJzUll6NGxWT0FfUEpzUzdZaG9nRjFwMmlsQ3NDM1NlUnFUYXByTFJzX2ttTzlfT0o3M3FvNjZRVnZEZ3VFSi1yVkVsWDVGMjNhdU1xd0JhWVFJVW52ZFRfTVV0LURf?oc=5,Kompas.com,10/05/2025 14:00,Irsyad,
61,Pramono janji perluas Mikrotrans JakLingko hingga daerah penyangga - ANTARA News,https://news.google.com/rss/articles/CBMirAFBVV95cUxPalJfZGUwMjd4UmNlM3h3M3laNGtDamhTOWJsTk5xREdmajdMQjg3NUlYVkRxdDdFUjcwVHAwRGhod2VmNHgwZVJvaTZPeW85VWJyblpHcUxpTGxDdXAxdm40RWRMVTVWT0JEOGxaSVNDTi1pWWhKb1J5TEJ2UUpaZ3V1bmtCT0R5VFd6Q3dxLWRNYWV5UkJNY0lHUkFfYWpFTkkxcmwtNlplYjlU0gGvAUFVX3lxTE80NUM0ZGUzU2JLZWRPa0tkbnhYYUd0ZDAzeDFseUoydDVGYVdxeDBaUHBoQzRCRTlJVWdZUDI2RGlLWVc1Wjl6bjB3Y0M0RWdwZzBjNjVCR0RzWEd1Z01DMTRKeEpsUTM4NWM5SEl0MFNLT1pENTk0NE9nYm5lN1J6MEViREV1MG5YT0ZNdmZadEpzdWtLYTFGMm1xcHNSZjNWcGJKSEN5aFVpMVNYeXc?oc=5,ANTARA News,24/04/2025 14:00,Irsyad,
62,"Jam Operasional JakLingko saat Lebaran 2025, Jangan Salah! - IDN Times",https://news.google.com/rss/articles/CBMirgFBVV95cUxNajhvWUhIS0Z5aEt3RjQ2QWtVWnBHNDhwbmNOcTFwcUVMMlRaajREVDJRRHVLV01lblZvOEUtWGowT1EzMzlCck9ROEltMmducnJlTWJKa0RSLVRFeEVvaG9wZkZSM1lEZWdqYklPeEJHcUliOVlIcTVfNXdhU0phM08zRGItWGU5eXNWSjhVY3lVM0pSRVpyMUYxU253N0pycjAzdmVtQ0dBUjV0M0HSAbMBQVVfeXFMT2JVZklOWXRxVWtkRkYySHdpcW92RW1GSXJRbWVjZmEtcXpFUGhZYVJoTnBCMTIyX3ZnQWEyTWhGTVV0UkpMRXRPb1JmR0ZnS0o0U0ROdFpkY1IyUUFES01NX2IyOFVya2xldGRteGJIWjAwQjMzc2dEekFGNEVYMmhVemY0LU91MXp0cVdPbFlpQ0ZpRnE5aHQ5Vzd0YzlCeFFHa2RpXzRXbGpfZEtYY1N5Yms?oc=5,IDN Times,26/03/2025 14:00,Irsyad,
63,DPRD DKI Jakarta Minta Layanan JakLingko Diperluas Lagi - Wartakotalive.com,https://news.google.com/rss/articles/CBMioAFBVV95cUxNTEtqOHViVUp0RXlNZ3d1Q2JTY2NreS1wNXh4MEx2d3RCa2pvTVpkRERRYmZod3Jib2FNQUMyckowS0NkeHNBNFNCXzVmWG1oTGFXekdpalQ1VUxsM3RZZ19LQlRkeDdycXFHSjNxZUZtd0FwVDF6b2s4ZUx3SXYwSHl0TFdhMTNRSlNfMHJHd19QMlJaT0RvaUQ0TTcyYkRq?oc=5,Wartakotalive.com,26/07/2025 14:00,Irsyad,
64,"Bukan Angkot Atau Jaklingko, Pastikan Tidak Salah Penyebutan - RRI.co.id",https://news.google.com/rss/articles/CBMimwFBVV95cUxNS0FxM0UwWHVWOVBBdmZvT3g3OEFBOXNpOW9QdnE4VlpITU1iaHBYb29pWHExblc0akw3QkpLU0JNVEh3Q0dQcXdVbUhzOGtjbXkzeERMVWZIOUROYlBLT0lBcnQ1VnRvSV9yeFV4bWhxclBaWmtHb3Zla0tMcDhuUkVpbjNQSW1Sd3RrQnFsMExLdTFUY1lhU0g1UQ?oc=5,RRI.co.id,10/07/2025 14:00,Irsyad,
65,Pramono Anung Sebut JakLingko Tak Diurus Setelah Anies Turun dari Gubernur Jakarta - Tempo.co,https://news.google.com/rss/articles/CBMiuwFBVV95cUxPZnItMWlMWDUwZElwWGZpeV9HV2publNfeXNqVWpDbTMyeVk3eVNJa2s5R0oydndJRjhPaV9MS3ZDcl9ZOHBUSGxJNlQwNEpkeG9fU2haTlQ4WnVYaTNLRDRiZlBGbkYxSWtnMmZZaW5jR1JPMm9vMEQtRGk2WG9zWmdjbHZfM3pxTDhWcVV0U2JLdndZTUUtRlRQWUFHbTZUblhGSzdzZmNadDFLSmF3bDJIQTIyNzRGRUVB?oc=5,Tempo.co,26/01/2025 15:00,Irsyad,
66,Wagub Rano angkat bicara soal kecelakaan JakLingko di Cengkareng - ANTARA News,https://news.google.com/rss/articles/CBMiqgFBVV95cUxOOW9XckUzb1dnekVmLWNJd0NLM1cwcjVwazNfa29VY0dxS05LeUNXaG5iVC1hVTM1UU9BY0hjX3QxWlRVeWQ4TTQ0VVdGN2M0ckV3RGZ3dnM2WDdNWVVNdmtuVjFySWJ0WkNwaV9wT2ItLVZoUVBfVGptWG1OZlI1cGtaSkFSeWNCU3hNRTA0S0hHNGhsUW9iUHkzMXUyQkJnaGI5cnRWVFZJZ9IBrAFBVV95cUxNa1kwWDZiNEVlU2FyZDEzYkJxbXAybWZrMFhEdlBJbnliNENaTXc4UnFQV2tyb2IzY3FnVzlWVi13dXZ4bnZiY3FxcHB6a0VvcTJKSW4wX0kwTHc3cmVOaTFOajJQOGFyQ2ZRQ1NPRlhjc2RTcW40N1ItVG9JM0FNZC1OYWFRV0RFSmJfRXJXUThvekRScjlET0NsM1JkOWVqbGN4VldvNFJvcWhs?oc=5,ANTARA News,11/05/2025 14:00,Irsyad,
67,Aksi Pecatan Polisi Palak Sopir JakLingko Pakai Modus 'Jatah Bensin' - detikNews,https://news.google.com/rss/articles/CBMiqgFBVV95cUxQMUFldXk1R05MNEMtbGY5aVlKYWJhTDZBM2V5bDVvajRwemJGV0l3ZUx4aGxyQk1QUVZFNHFUOWxvcTduTmI0SmhaY0hCTGtLdktoUXA4LTlPelZGT2ZYYjBZLVBJWmJzZFpJbDRRRHJxRWRUbWlYV3d0b0NLbXk2RFBOV1YxTGRkN2p5cHNzRFZKTjc5MFlTcUJRaHJzVjUxdHZMd1B5ZGE0Z9IBrwFBVV95cUxNRWlXZkU5Tm9JWDliV0lfLThaMG9fSDgtU0h0TFh1aVdXZGFnQVR1WF9HMko1d0t0VTBmODRfTko3eEZnY0twNDlpM3pVZTlybmIzTHUxV0pmbklzWF9LREdOQ1UzS2F4dlRPdUdtV2Jua2ExYVVzY1BuM3NKYTI2aVBUMEFfb21IOEQ4VXhDc00wR3o3eXlXRGVIS3VSbkZoaXRuaS1oS0JvX0tVY0Qw?oc=5,detikNews,13/03/2025 14:00,Irsyad,
68,Layanan TransJakarta dan Jaklingko Dihentikan Total Imbas Ricuh Aksi Jakarta - Minanews.net,https://news.google.com/rss/articles/CBMinwFBVV95cUxQVFA0S0Y0TWF3TUwyMmphanBiLVBoa1lmclhUXzB6Ny1CVWYtQ2JPRjNEOVpKS0swN3ZRRzZ2QjRzM2NzNVV2TmEtZjFhbVhXRmx5TWYyU0ZHa1FNYXUyQ2JacUxlQ19uS2YxazRNX0JhbVN6TmZSWXA0dzcyX1cyRTg2SGM5Tll4Q1Q4RzRkajlmc2M0MlhKTzRVMTlUaVk?oc=5,Minanews.net,30/08/2025 14:00,Irsyad,
69,Sopir Jaklingko yang Tabrak Motor di Cengkareng Dipastikan Tidak Mabuk - Kompas.com,https://news.google.com/rss/articles/CBMixAFBVV95cUxPNVlyWDlnZ3BHTG5VZWM1OEIxQXpvSE1kNUxGSTd5cXpaRVF0SzBRU3FfRTZrUTAzbWtYS2RJVUV5NjZyQ2FTSjA2UzVIN1Nfd2lwUjNHMWZNRUpyRF8tUnM4cG9ibHdDNVdsZGRsV2F4VklWUmppbnNCNHlBcnNCbVN4OExUcGRDUzBNandMSEtHT1dWYWNnVjY3R1ZMU0ctWnJGa1JGdGk1MlV3NW5faUQtVFpreDZoRnctS00tcEJTNUZR?oc=5,Kompas.com,10/05/2025 14:00,Irsyad,
70,Mikrotrans JakLingko Siap Meluas ke Daerah Penyangga Jakarta - detikFinance,https://news.google.com/rss/articles/CBMirAFBVV95cUxPb3BjekZTRDNKNFU5NUREM0xpMFNGOFVteFlEUlRSU0lvZ3NvWkRLUlZ1SWlCb3d5SV9HSHdLcEdjSFZxZFpTa3N4c09KREtoWl9nTUp6MHRveldab2JnYnlueDI3Y3kwaXRrRjhmZkVaTl9Yb0Y1QV9iZHp3cHlUYVRBOXgyOHhhcUZQRWJTSlNDdV9sNVNFOWUwdmlnTjRnZEVVVGozYjJTMzRf0gGyAUFVX3lxTE9PTVRUT1Z0T2g1OTBUcXNianlBVU5wcEk5Znc2TEdXdUdKOVpwaTlqOTFiYlBnOENMMnRzeGw4MUV2SXhFUnlKNFFYTVMyeDJyemt6cGRnODczTzF1dURfV1YtLUFpeGg2Y3pjNXR3dVB4eHdlRVgzekFDc0F2eXl4elZRMmhBWFBwSGIyRi1Dc2c4ZFJPNFJKU21JeE5tZU9aRTZhekRmV3AycjRmMXl3dVE?oc=5,detikFinance,28/04/2025 14:00,Irsyad,
71,"Kisah Sopir Jaklingko Gagal Mudik Lebaran: Tak Dapat THR, Uang Pas-pasan - kumparan.com - Kumparan",https://news.google.com/rss/articles/CBMitwFBVV95cUxQYm12TDgtTnpEUkNDWlZSelpZSGJTbDhtUUVaTE5kYko3OVVrbFhBN1o3MThYWHF2UWxkYWFXb2c1MHU5ejZ1cEh0dEhxREltTTNUZ3N4Sk5hZ3B6SVNnQzFiN2dUWUtINE9XSk9kUXJTMWJJZTIxaUdxcy0zM2JTYk5Nb3QycVJVbmJVYXZGUGZYOFhNdmFHdDFRSXctbE04OTlfb2NKWTN5R2ZkNTMtemwxWGVXUW_SAb8BQVVfeXFMTndBbnozUFRvd2lOTUpWWXl6VS1iWUFEaFpfcGpRRS10aXl1b2oxUnVFaWFvVGNJSGFWVElGckNsSnVjZ3g2VVJuS1dCRGh4QnlKanRHX2NiZVA4dUVCZUJrNEJ4Ym5fUWpBd2pKMzVYdENrbnoxWXJPakc2VHp1aEUtbEZhenZHTmVMZjJzc2NTeXFoT1VPSGk5TG9HbTViZ0pmQXZPNzM4bVpoT1Rxb1N0bXBPSF96blpBa2RrSE0?oc=5,Kumparan,01/04/2025 14:00,Irsyad,
72,Penumpang Kebingungan Imbas Rambu Jaklingko di Tanjung Priok Raib - Kompas.com,https://news.google.com/rss/articles/CBMivgFBVV95cUxNX3lFbnlyWGVEMWY4U1EtdFVabjZ4Ymt1LWlpb0dVVGZMRnBRWXdkcExiTHNMcllzdURWZGJTTFVxdlpfd296Z2RaWktMcXpPVE13U3ROdXFzNmJGQWw4WEFQVGFPZFBwS0hqOWF1NXRwWVVFWmJiakt2Wjl6RmwxWE5Wd2xkX3RVMmZDb2E2YThSNjRwcVlEMWhwVXVOSVU3VktmeTdfa29QekYxeDZXa2hRZnoxOXpwNkhQRmdR?oc=5,Kompas.com,02/07/2025 14:00,Irsyad,
73,"Angkot JakLingko Terbakar di Terminal Kalideres, TransJ Investigasi - detikNews",https://news.google.com/rss/articles/CBMiqgFBVV95cUxOazJWR3E2UTNHeXNUUnQ3bm1FMjhDbVpwYURuLWpVbGd3TVA4ZnpobTFjcEpLakplY2o0VjYyLVVIcGhUamsydGlkQl9yZDVDZk1Qc2dvU0h4RkN4SmVOeE5KcTZncmpoUnlmNWRCSzRnakl0a1BSbWRMeEJ5aDc2dFhtTk1MUTJ2bUVrTFFuTmVRbmpYeWdUem4tbG1sNFFLbmlGN1RSZ3N6UdIBrwFBVV95cUxNQnV5RjlsbXhsWXJDQ2lBZ25sV3RfSExkZDVjWTNURFo4Qks5Q3pzN2g2c3Z3ZHZNRmV2aWR4VGRYeGxkTUhDQlR2NndLVk9IeUstTzZidG5qWUxPSWdqcmxIb3BSeWxZR0RkRFd5OGoyd2lIbG5yd25mWGRwalM1RmlKSGlTMGZxWE02NTVnUVRfaG9xZm9xdGZMbzBiYm4ySHdmTmdELTlsaXdRXzY4?oc=5,detikNews,30/01/2025 15:00,Irsyad,
74,"VIDEO: Angkot Jaklingko Tabrak Sejumlah Pemotor, 6 Orang Terluka - liputan6.com",https://news.google.com/rss/articles/CBMirAFBVV95cUxPS1FnMlRBdU56bTF1WjF6OFJvRmlhMlZHbFY3TlBHWUMyeURpeFdGUUFTajNoRUsyemxtb25QdG9rWnljcDJycEhkanl5czY5d3NiMFBwTTJrMi1ab1I3aF9WeUI4aHhzM1dUWV9FV0F0YmZHYjZ5NEttcjZPdGhfc1YtX0xTUS1BRks4bm9xZzZnTDNRR210MzZRb291VFl0UmJ2OC01UWhmWVQx0gGnAUFVX3lxTE9wTURfY25tTU1HS1Y4a1cyc0c0YjFWb3VKTFpWekduQ2lhcXU5SjVZcDJRWkZaREROWWZTMmV4QzY2d1VNSmc3M1pSRXd6MllyU1RmMU5pclgtNEFyNlpleEs1N3h0UWpTNlBVbG1IdG5xU3FFZDJ4UUtVQ0wxM1duOGN2cFVtOG9DWkc1MXd6WEtYZnhUbjB5cFg5M0xSSUI0bVIxak1N?oc=5,liputan6.com,10/05/2025 14:00,Irsyad,
75,"Banjir Landa Jakarta, Catat Sejumlah Rute Transjakarta-Jak Lingko yang Dialihkan - kumparan.com - Kumparan",https://news.google.com/rss/articles/CBMiwwFBVV95cUxQX2tHdWFRMnlYQjRyMWdUNy0xY2RmYl9JQ1VscjhVTnlXVkdrVkNPTldBYjR5M3FuZExBWndFay16MEVHbDc0VC1VY0tuSFh4Z0pFbURYdlZScTNBQ1BSaU0xOFBsTDRXbkxXUmtYVWpLNUJZcl9udzNjU0VJc1dLa2pQbktRZjhqcmFTQVVfc0dIZHd2aUpGdzRnUDJpZGQzdGdkRlBlRk5aaGltOXhETXRDYXVGbEhLZ0tSOG9lbUQxdkXSAcsBQVVfeXFMTm9qbTZRdk81MXlSX28yX0lWQ2xENUI0cXlNWFZGUWxIX1hOaWpGdE9MY1FVckVoZTFsR3VQQ291dDVYLWY5Tm83OXZha0lDMFJlSDZIcFJNZ2lKSVkxdnByME9WbFAxQUhYSDliQ2h4ZEtlR3FET09zMjBLaUZlWTBNQ0NIT2hxeERUSmtmbzRkVTB2WU14a05NbV9ndFQ1ZE54cG9mQllKSnNNV2hGQUpTVzVEUTBERndiN2xvenZZV3BUel9PMkZ4YzQ?oc=5,Kumparan,29/01/2025 15:00,Faiz Musyaffa,
76,Wagub Rano Bakal Evaluasi Armada JakLingko Buntut Kecelakaan di Cengkareng - news.okezone.com,https://news.google.com/rss/articles/CBMixgFBVV95cUxOZXl2aTZhYUF1NHh1ek05N3ljc3NHazJfRFpobVAxSHowbXJaUFFaQkpoaVJfdG1iT0ZleXBROFJzNkNGYzNoMDhoNjdOLXZPbm9YQm5wZ01feTFXZ1NKRmh6Q3RPM3hYc0Q1Sm9CVnk5elJyYTh3dU9OSExHd2lQaU4yTFpYdS00NWE3ZUlaVWZfT3dBWE5MM2hLTnpwVTJYVk5VUVJSLXJieHc3UnNsYkp2dVNMN0h5UlduVDFGSEVjRlgwUXfSAcQBQVVfeXFMTXJGYURRcW5Ld2RtZWxnRm04WDRTTlpfbEpJaDJnVVlSMjY1eThpQTFFa1RvNFZwbnZiTTRtaGFSZ012ZWNuQXNKU0haYU9jdHhYeGxPMGQ4R0NTLTBnd2NsMXR6Z2tVTFNEUUU3VjMzSDdRRXZJcWJrdjZVM1VqUVA0NngzX3pROE9UT1NRTFRvUkJNSkxrV01JZ0VKdFowX3lySkoydE5uMVdERkhDOC1ic0FlMFRvcHhZQ3lVeUxOaDJXdg?oc=5,news.okezone.com,11/05/2025 14:00,Faiz Musyaffa,
77,"Tarif Jaklingko, Transjakarta, LRT, MRT dan KRL Cuma Rp 80 pada 17 Agustus 2025 - Jawa Pos - Jawa Pos",https://news.google.com/rss/articles/CBMiugFBVV95cUxQcG5mMGk1SXFROFFTSG9Yb25kaG5WS2Y1Tzh2eXN4M3EyMW5OemUyS1JSYjVRMjhtTmpJMDZFYlp1aktvVEpLcGhSS3phM1U4UEVyN0JaMTlrUVJRdE1rdWZ6OHVJbmh3Y2RLZVlsakZDZzJZeFI3andibGpMTmdqb0tiMnhZZGoxZDRNcUg3RGNYS0lCbmpjZE5sMTJjMHhvd0pwZklwY1hmREZVaTN3TzRYLUdBajh2SEHSAb8BQVVfeXFMTWozTkVRWkktMlY1V0xFZXA4N2F4cHMtSDVYUDU0V2x1UVVFM01hc05qTzg1dTZzZmtOY1JHb2VUTHlQaTNzYm1CYWJJSExGd3VUSXFZd0o3ejFPQmdSNU9UUk5RLUNVelV5dEFoZGVrNzYybVVJZk9BSUFKa1FiYjlQeWRTRjZ1VGJ1VE1Xa1lDUU95UXBSX1dlX1NPY0d3WXlSODFTcDJRdXdjNUNxTkE5YVlydmlkUDdvN2g3Rm8?oc=5,Jawa Pos,03/08/2025 14:00,Faiz Musyaffa,
78,Rencana penambahan rute Mikrotrans JakLingko - ANTARA Foto,https://news.google.com/rss/articles/CBMikAFBVV95cUxNMGJRR0hvVkFkT3Vmck9DbUtMX0ZrNGJKdEU3NDMwby1raW5OZlJJdWFyN0NxUVJNSWRtajNaUE5qdmZuUS10Y0FSVDFVWjZVbm9aaHdCekJuZ2x4dTdPdVZXcEM3QlZOcndSSmhhUGNBbDNlVjF4VEFScnUtZTJsX2FQczhRQkEyWlJlQUY3V3DSAZYBQVVfeXFMT2ZNcUswbG9FRmFNSWRHTmxfbjItbHk1N0twRFdlV3hlYlhrLXZGdENFby01dC1vMVJlM0ZqdU5TWUVybFV5dEhzbHJZOHZtMFJlcl9wWmR2NGJWcy1saGVvRUFpUV9FYTRPMXc3c2RsREx0RVB5emdoMjhaeGR0Unh6bkpsX0JPWXJzUDE5T3Uxa0F0eVJn?oc=5,ANTARA Foto,28/04/2025 14:00,Faiz Musyaffa,
79,PNS Jakarta Baru Tahu Naik Jaklingko Gratis usai Diwajibkan Naik Transportasi Umum: Terakhir Naik Angkot SMP - Merdeka.com,https://news.google.com/rss/articles/CBMi6wFBVV95cUxQd1FMY3luM3ViaHQ0d2NUUnFrcTNXOTZDbTBCcFFGTDhvSjVuNjJBU0MtNEszMUx0OGtlclR4TzJDSjY3c0FBNUxWTnV3a1Vrb1AweEJ5V0xLYjRwY1RIRmtEaDRxbFAySFVPdTBDSERrR1JwczZ4OUgxVzQtdmNDdXFUNl9rVmJGTHd1OWk4YW1vUXAxY0xseFBGMXJwRnQzMm80U20ySk41ZkMxVlFYV3lZVTcxakoyX0tLY1d3c0ZlU3pSa090anhGVm9XSTRFVDlPb3VaeHJaZXhvQVFxc1ZiTnlubEo5cGhv0gHwAUFVX3lxTE45T3B3N0JSRHpiT1oxTXNXdzl0VEJ6OGFQZVcxQXF0Y1RQbURVM1VSeWc2Y1lCbENHVkdESWR5NzB0Y29JQ3RYMEdMN2pQX040aGM4bUJISllVSTQyeGV4ODZqd3FIZlNhdEN0RjlRc2xTclVpZnNzc2pOWUtnRDZRQy1hb09GVTJqWHhwMWkxdlFXWVJ2SUFkWTJjT2VaZmRrZFV4T3ZrU2pQQnFJWmJ6cXFmN2hIZkg0NVFuY1VCdDNYOV90bUhkSEtpRzJsamQydE1iVWZJYjZfWFlFYmlhNE9ISkpIQlZIdUUtaWZoVQ?oc=5,Merdeka.com,30/04/2025 14:00,Faiz Musyaffa,
80,"Legislator PKS Desak Pemerataan JakLingko, Tolak Tarif Berdasarkan KTP - Rmol.id",https://news.google.com/rss/articles/CBMiugFBVV95cUxQZVNHekxnanpoQ0p1eXlfc3N4eWJReFNfZVI3R3lDUExYMm1JRUREUlhDTHRDSWlBTmg1ZmhHbjBqRWFxLXl4cUROeGdNYmsxRmhRVmVwZXUtZDVQSG16bmRUS3VSSzJzVXdJaEtHak5OOFNaUE5lR2FFbGh3Vl9FdjJleURPUk5ickVZRkE4dGF0azlab1QzMWJqRkVjWVdtMFRNWjdEMTZLZk45d0RJTWdTeTItd0V4bkE?oc=5,Rmol.id,25/07/2025 14:00,Faiz Musyaffa,
81,Pramono Minta Sopir JakLingko yang Ugal-ugalan Diberhentikan - SINDOnews Daerah,https://news.google.com/rss/articles/CBMitgFBVV95cUxNTk03X2RlVFB4bG1KWjZIY1lVSWNSaHpfcFk0dzNsZDVsZXdmanZKNHRoTkt0YVdPOXZqcW5ZN0ZBLTNoQ0RibmRsQjFFU1RCWWUtUmtJZTNfZkNvbHNFb3lqZU5IdzI5blhIdjUzUE54QlM0TUF1SUNuQ0xQX2JpbnFDUlJvVjVzQkk5RENrR05rUzl2Q28tT0xpSHh5S3B2VGdMT1BPdDVJTjM5Rnd6UzlKR3VmZ9IBuwFBVV95cUxNaUQ4Q0ZSemFxTkNVaHpCQ1ZWVjhMRzJ6SVNuc0ZENkIyVUYxMmk4aXRudXdMYk16cGZjX3c0MVM4S1Q4YjF2WktSYzl0a1Z4Mk5mYmp4VkgzaENkdVlLVEJ3b3BpVDNFM0RSS2NMTHEtRjN0WTVKcEs1Sk5SVmFWM1owaHV0ZUZHMUdJR1J2Z1I3dUZsQTRPNElWcTZZb1lpdnQ2VmotaDVRZmFzY2o0WFZvSWRMYTdwdE9J?oc=5,SINDOnews Daerah,18/06/2025 14:00,Faiz Musyaffa,
82,"JakLingko tabrak motor, Pemprov Jakarta evaluasi - ANTARA News",https://news.google.com/rss/articles/CBMikgFBVV95cUxOSFVOSWJkMjVIemRCSGVrQ0JjTXNoZ1p1dzU1Umd4c2diU1JEWWtJb09EU3B5cDVlaF9ycDJFU1lsT1Biby1MZ2NvQkZZQTByNFYtQ01ueEFpZThVbjdSeUo3b3lTNDI1bHNHWGQtSThlYWJjc0dQc00tdXpMamJNemdaRmlhX1lZMzZWS3RJUzVjZw?oc=5,ANTARA News,11/05/2025 14:00,Faiz Musyaffa,
83,"JakLingko Tabrak Sejumlah Motor di Cengkareng Jakarta Barat, 9 Pengendara Terluka dan Dirawat - Wartakotalive.com",https://news.google.com/rss/articles/CBMi0AFBVV95cUxPWG9QM1BaRWhabDdBSWx4VVNCSXBsWkViODNIeUpaZG1tbnVHbFB1U01TdE1BdXM1OXVZalhhQTF5c3ZQSFY4ekJGOW90UHliMHJlc0ZsNk5XOXlvNWxYQjJrallIOWRLYUZCXzdDRk5lbVNKa0Z4Y09YZmdXTVFUMmNGYlhvZ25GaFVRRmNkczNOS0JhM05hUzFSSzVuTFhOcmx6YzNOMFRIRmZQc3l6ZElhbFdmdVM0NHRHcU9FQUxnbGN4aEplbXRsNGNteXk1?oc=5,Wartakotalive.com,10/05/2025 14:00,Faiz Musyaffa,
84,Nihilnya Posisi Ideal Mesin Tap JakLingko Justru Melestarikan Budaya Tolong Menolong Warga Jakarta - Mojok.co,https://news.google.com/rss/articles/CBMie0FVX3lxTE43RHNMc2tneng3cjN0dVZhQjlMNFlHRVBDc3ZmYlV6dFBxRFJ0VDh1cXR2THdZbTR2dWJ6SmR4RmdwRVJpWkFxREtQaVJMczhWekFydGI4OU1nZ1pRX0lDQ3RaSm9WMzIwU3JrRk1nMXJfYjZxVXBTWEpvNNIBgAFBVV95cUxOM0ltbFpnTkVWSl9ncFpMZjJYWFl3ejZjWjFOX1c3T3JRdXoyelotSU1jNjR6elFocVNVM1M1Vm9icDBQblAwZDlodWNDZWdhclQzcThQN0U2WUdQaUFfZlh6WUtibXBMVzJpMEFyOUVLSlYySDdvTG5nck5iaGVWLQ?oc=5,Mojok.co,02/03/2025 15:00,Faiz Musyaffa,
85,"Gubernur Jakarta Tawarkan Layanan JakLingko Masuk ke Tangsel, Dishub Lakukan Kajian - tangselpos.id",https://news.google.com/rss/articles/CBMiuAFBVV95cUxQZjFsWTVya1J5cEo1dk1TU0VmMWZlUnRMMGdsaGRRcmh0QWZfQUgyUDBWR0doeWZRRHFpbUE1RUQ0OVU5NjlDVVl0eWNjUTdIbVE1eDFDNlA1NWFxekw4Ql9nOGJ0X2tOcUFiWUlKNjA1QjhDcGI0amJhQmRzaFpGX04wbUJCb2V6WDZQYnlnNlZ5UG80SndUaWZGWjBCWjdRbXJqNF9JMHJ4YTJ5R0pvbWVJSFZhWS1L?oc=5,tangselpos.id,19/06/2025 14:00,Faiz Musyaffa,
86,Pria yang Nyaris Lecehkan Penumpang Jaklingko Sempat Dilarang Naik Mobil - Kompas.com,https://news.google.com/rss/articles/CBMixwFBVV95cUxOLXg1cEtLVXVJelhuaWUtTkk4RDhmTXJrYmZFLVhVQ2xpRVZ6aDJIUVVFVnJmTjJSdGpQSlJIdVRURV9aX2g4V3ZzVmpTMXhSWFVpMFJ0anVYTm9JTkdyTms3QndtdERnUWx1bkd5TmxZbExDcnE2TVlIVDZoOFBTY0R5OFI2MG1GOTk3eGdFNTBjZF84QXo5TVBrcDVja3hZOFU5Q2NjaHprZ25BSmpNR0NRTVdZYUZFNURsZldoTVA2ZW43QlRJ?oc=5,Kompas.com,14/01/2025 15:00,Faiz Musyaffa,
87,Cekcok Sopir Jaklingko di Jakarta Barat Tak Mau Angkut Penumpang Mabuk Miras - Wartakotalive.com,https://news.google.com/rss/articles/CBMivAFBVV95cUxOTXBDWkNJalFFRnVDVkhNd3FUZl9LUFE5elVWU0xUTmJ4ejNrdEFvS21lNDkwbDZueUQ0REVOZWktRnJ5VF9US3FHcUg0czdsRUVjZmpfTHJ0M3owbnNsQ1RCSXZ3NHZYM0h3UHlzOGVPVU1Nd1NhTGVMM1VEY19IQWxsQTEzaUVxcTlxSkhVZWVpUzJESFlpbkRVblVnNXpFbVZtNFlVcUFTQ1RoY1dWWE9CZ1AzaHk1dmw2dA?oc=5,Wartakotalive.com,18/06/2025 14:00,Faiz Musyaffa,
88,"Kasus Viral Sopir Jak Lingko Ugal-ugalan, MTI: Transjakarta Harus Tanggung Jawab - Telusur",https://news.google.com/rss/articles/CBMiqwFBVV95cUxONkpQeXljVDJMY3M1UEx5Y3hlQlFYY2pGWVJjd0VWQVNwaTBjcVpuSnVfbjBnYmRnYTQ0bDBob2sxbzVfX2dLY3ZaWDNXN3BUSE1WVU1BMGJMaG5zRmJCVEMtZEJtQ3ZYeExKLUI3WldYOEZuSDV2MkV6OF9zS3Nma1UwUTN3bzBLd0ZIT2U0cHBjaXBrTHB3VUVBcUFsdU13cmRxbU9SaFNYQ0E?oc=5,Telusur,20/05/2025 14:00,Faiz Musyaffa,
89,"ASN Wajib Pakai Transportasi Umum, Ini Kisah Uus Kuswanto Naik Angkot Jaklingko dari Rumah ke Kantor - Wartakotalive.com",https://news.google.com/rss/articles/CBMi2gFBVV95cUxOTUlIQnJRaEtGb3RUbWFWdmgxZVhOUmhJYS1JM3BhVUNnOWZNY2lCNjAtYWdkX3M4NlQwcVdHQVRSdjBlUXR1Nzh2SzNMeHhSMkpfeXBPbkVIbVdVWTdiNUlNMUpvazBpWWhNT09PMFR6Wk8wOWZ5SVBBLURNTDhHcGVRUkFLVnZLMVp0SE5sRERoTUVuTGliSXFPb29TRFRqZU42eVpGM1BON3REYWtUTDRWQUNsRzNkQ1ZaOGNxNkdlYlZWbEVBRl8ycmNGVXVKLWJOdG9YS2puQQ?oc=5,Wartakotalive.com,30/04/2025 14:00,Faiz Musyaffa,
90,"Sopir JakLingko Banyak Bikin Resah Ugal-ugalan di Jalan, DPRD Usul Lakukan Psikotes Cek Kejiwaan - Tribunjakarta.com",https://news.google.com/rss/articles/CBMi0wFBVV95cUxORlFmdDctTEF0OHVBZHczQjlpQXhlY0ZnTUlXcy04eWVyQVBIZzhfM1RzUUxwM21VbzlFSWRESzcxNGpDRHpCNUZTSlZXLXluMWJOaFdHaWdxYmIzR3JQNXZuMUNIcFltb29lclpWNXNsdGJkbHJEWjZhYjhvUzVfV0dnTFZvYlJhdkZtdDRMSzQ0amdlODIyMVE4bTdoRGlqMnZSQjlUZ3lLMzlSdVBnUG5UeEYxSWttY1h1UnZLM2hiYlZPZkZldFREY0lBM0FDekE4?oc=5,Tribunjakarta.com,20/08/2025 14:00,Faiz Musyaffa,
91,Pria Ngaku Polisi Minta 'Jatah Bensin' ke Sopir Jaklingko di Jakpus Ditangkap - detikNews,https://news.google.com/rss/articles/CBMitgFBVV95cUxPZHpYeVBteVFSZ09NVmZ5WEM5MnhMMHkzZWI4Y3hvRk9aNFRjWGgydEZKTkI5SkZ1RHBRZXFuWHY3N2NFOXlpeFJvS1NtbUlIakU2bWZVMjZubTgzcVpfaDhGNDRFWXJnWjQ2MTBfSFFfbk1iS2ZBOVFHTDVHZURMNm1hN3Z1LUhSRGdvU0pFa2FYb3JSdjN0dU1kbDZQeU1EMk5lMXRWdEJkdDdsRHJ5Zk9qdm01UdIBuwFBVV95cUxNR1RHVXJnZmpzT2ZDRjF6TS1HUWh0T0hXb1lVbVdVN1B5SllCVGJNMzZpbDd1bnBHSVFoRG0wQzY0eGNCRWlTWEF5Vl9NVDhzNktKb1NWeDNwa2s0WVJjMjU1WEV5RWs1TE5LazFwNHFTTElCeGZJT1VEaDJha21vWS16akxwTEg3ZWNRWEthR0pOeXdDSUQ0QnI1cjlvNG9TUjA0Q1cxeE1xLTBydGU1R25jVDl0VnVtS19n?oc=5,detikNews,11/03/2025 14:00,Faiz Musyaffa,
92,Sopir Jaklingko Sembrono Segera Ditertibkan - Epaper Media Indonesia,https://news.google.com/rss/articles/CBMiXEFVX3lxTE4xRmh2Uzd2NlBfdnUzbFNnZU9ObFM0Wm5EczFGNzRXQll4TjJwNjZVcngyREhFY3Q5LTJDU2dVUE9EN2dudm5VaVRILVRjY2pnQWZmVmJCUEdMaFN4?oc=5,Epaper Media Indonesia,19/06/2025 14:00,Faiz Musyaffa,
93,"Jaklingko Tabrak Motor dan Tewaskan 3 Orang, Transjakarta: Hanya Luka - BeritaSatu.com",https://news.google.com/rss/articles/CBMitAFBVV95cUxPY2phMVF2ZGR4TU5CZUFPdWVUMS1DblhQNERkRTdMR1FPaXdQajdHYjNNLXo4NWZvR2NWXzhFTHQydE9UZUJiQjAwaDVpRnNNcXlLUU01T1FDaklIYV9PU3RxX19BQW5UYUVObEIwWmNPRzZIRXZKaWwxWDFVSjgtRVN0Mlp4eU84ckJFdjRxOHN0cVFNeVlVeVNjc3dxX2VnZUxtUGY3c1NQOURRcTgyejNBYkE?oc=5,BeritaSatu.com,10/05/2025 14:00,Faiz Musyaffa,
94,"Trayek Jaklingko Diperpanjang, Siap Mempermudah Masyarakat Tangerang Untuk Ke Jakarta - OtoDriver",https://news.google.com/rss/articles/CBMi0gFBVV95cUxOYXBtRld2Vm9DVGdBZkQ2SERhLWYxOXpJckJoZWZ3Wm9MdVREUkFwUnRxWXpWZUpEdk1GQ0NTY0lqTFZnNC1pSGplOWFHTDY0QWVOcFNlZmZuendFNVJHZU05Z1ZvcDNmQWZzT0pMMnFRZXNBZ1g2a0p3al84Nk0tZllVdDNBWHBYU1MyUmxJMW1Pb1E0dVdnMC1zTnVUeWRlbEFtLTZROENCNkZORVlWRkdCY0RBbnZOVGRvVUdlVm9Tc2hVSW5tZElKWG5Fb1VxbnfSAdcBQVVfeXFMTjhKUEljakFmT0IwYXhBb2dyRHdtSy1CNGduVE5ocVpvUHRzN1VVOVFHOXdCN1lQSzhuWWFNSFhJdEF5akdMdnAyc3d2dndxY2ZmVHFVMUVvTnRHcExpbERJa21La3l4Mm1NR2ViQ280eFZaMWRjWF9HZG1ROXI5WWRpTG5hcjkxaHpybi1JZEJyUmkwcGVCS3NoeFdvcmNRRXpGa08xSldZVHJZbkpMWEhaQUhCclNMLXVtMG9lTG9ZTkNJa3ExMjZPX1dSWE40NFVDeEF5UmM?oc=5,OtoDriver,12/04/2025 14:00,Faiz Musyaffa,
95,Pemprov Jakarta akan Perluas Mikrotrans Jaklingko Hingga Bogor dan Bekasi - Tempo.co,https://news.google.com/rss/articles/CBMiswFBVV95cUxQdnpEd3M4cFZhcklYaEdGUVROYVhaVF9ZUGpBNUtiZ3F1cUtPXzc5b2pTZGpsdUk3X2szTGF5VG93RWVzTEtJLUliVnpIdF82T05MU1VBa1daU3ZqSjZPNHJNWmEzYmtDWDNFaS1JWUMtam9BSkZodzV5cGltWDZYZUYxcFUxNmNZeHo5aFlFZ0tOblVVX2QxNWVlTElGOUdvMmp6TDBXN0hQM0MzUzY1RGZ1SQ?oc=5,Tempo.co,29/04/2025 14:00,Faiz Musyaffa,
96,Rencana penambahan rute Mikrotrans JakLingko - ANTARA Foto,https://news.google.com/rss/articles/CBMikAFBVV95cUxQNnFUcjFXcENoYUxVc3ROQi1MWElZZlFPbEVFOTBtZUVNZV9VZlYtTlNQekpsYTMwbTJ6SDM2cWl6M3NnR3FWTk1hMzJrR280WDRrTFYtaGM4TFNUWEhRTEo4NXkwRWtZWk9zRENOTEotdmRkSmszR1ZVZTI2d2NPMm1EUFJOZnNkVFoxQTJlYV_SAZYBQVVfeXFMUHNJcG4wVklIZ2cwYm5RbFhTM0FEWTBfNEUyT0Nkd2dtSllQam9PS3FCb25PMU5TcE1idVNRSGo0THJSX3hPNTIyS3dhazRwSUxJSzVrMXU0LTNZMUtLcTY0MEhNREFDSFMyTUtKLUFkVmRLeVk0Tk5vakVUZHBYMTJFS2Q4SEJ3bml3Q295NjJ3UFRMYmJR?oc=5,ANTARA Foto,28/04/2025 14:00,Faiz Musyaffa,
97,"Akses Transportasi Umum ke PRJ 2025 dari KRL, MRT, LRT, Transjakarta, hingga JakLingko - Merdeka.com",https://news.google.com/rss/articles/CBMixgFBVV95cUxPVVNJSGVtMXZ2d3QxNGFNaWVadzlQR0pxUmVsN1dtVDhyeTJWZWpoNTNWY1hsRy1HWU5zaHltMGh0Zk5aTDhYOWdNOFVBajRWLTlFT0dhbkRJTDRxWGtkY3BTVjdra2Q3VnJyY1JUSFVoSVluX2hENTJWNXRwNGFlQ2pPNkRaRGRRRkt0eXBMb3JRMG8yaElTaGkxc1FwUTA1ODhES1M5OE5aRjRKaURHckFNY1d4RzVlWUtocmFqYWpjazhDdEHSAcsBQVVfeXFMTUUyeWVRUWk5dEpOUVc1TEo3U3Z2blZfcEx6ejZSMmNkdFV1SVUtYS1NUU9PTDdzc01NRVhSOV9XUDA2RExGMDJMT0RQYmxYYkdLeXNDT0c5elpkOU12Rm1Wc1RzV3FKVnBjTnVyWGR5a0JsNDJoSGtaUG5uWXlWSktTcnVfdDJzNk1NbUdqZE1yZnJGOTZZWGdrVFVwRUZSbWgtOFhPdjRVVjBfTTlPT1hzT1Fyd2I1SGgxajNMZm5iN2ZpenJOU3F6MzA?oc=5,Merdeka.com,19/06/2025 14:00,Faiz Musyaffa,
98,Pramono Ingin Perpanjang Rute MRT hingga JakLingko ke Banten - Tirto.id,https://news.google.com/rss/articles/CBMiigFBVV95cUxPLWNGZW1Xb3JMQ3c3WHRZMnJOdjZiLVc4b1JndFA3Qk1HNTVhRGtuME9rQnI2UHE0dHk2M2trQ0w0V1UyWjJEbG1vb3V6SmdhNEFIMk9aR0lyYWZCYW9DbWhRdzNVQkZ5Vm81b3dSRW1TUlJQRGtqWUFmOTRHS29vX05rSmlGQ1VwVGc?oc=5,Tirto.id,09/04/2025 14:00,Faiz Musyaffa,
99,Wali Kota Dukung Perluasan Jaklingko hingga Tangerang demi Kurangi Kemacetan - Kompas.com,https://news.google.com/rss/articles/CBMivwFBVV95cUxNVFZxSUdEVjNLV1FScHE0RldTc3NSNElnVHYwVU5UMnJWbU9taFJKNEVOc0JpcnhxcFlOdDRYeU1YWi1BblNjWnlXR1ZlTnpXZzh5QWd2UFJxSXpfemF3M1Q4Y2ZGWjgzZ0RJbW1rbzVJTmxJYzd3azduTFJnV2RaS190WlgyNkMxdk9uUUJheXI5MVNrSVBlVHhBOTZTVjhfT1MwclRpaHBrSDNlQmtsQURiREQ2b2Q5RjVGQnRzWQ?oc=5,Kompas.com,10/04/2025 14:00,Faiz Musyaffa,
100,Rencana penambahan rute Mikrotrans JakLingko - ANTARA Foto,https://news.google.com/rss/articles/CBMikAFBVV95cUxQbUdsbEFyWE42TDR4dnNQejZvVnJzbzdUN3hXbnlxbmphWEFYSHZ4SmZJa2JRUU1rN2VrSVc1bW44c01uSUhTMlR3cUJNOFhmd2MyZHBGSmlfMHZpVktIZ29ybWxSRy1ma0NpS2RrT1E5SzRmdnlGSkFJc1VqNU5ZcGM2eXVPOG5MbzVydUN0dUjSAZYBQVVfeXFMUElpaUhMWmpjcUtPS0pUX1lZbllfV3NGdEhpc3locTJDa2JPSUljU0VHanYwWGpSQS1ralZGMHFYSVNoVE9Vby0zUHRQV0JFcDJXVUg5a0htRDdRdVFsNXR4bFZTS2JLOEt0bUFWSlNnS3FtazVGYTlkLWxpbW5KVUxpd0ZJNWh1U0FFeUVjQlhyc3VjM1R3?oc=5,ANTARA Foto,28/04/2025 14:00,Faiz Musyaffa,
101,Istri Ngamuk Hentikan Angkot JakLingko di Rawa Belong Gara-Gara Suami Lirik Penumpang Perempuan - Jawa Pos,https://news.google.com/read/CBMi2AFBVV95cUxOMUxQVWw5MUlZUVVTUEh5UGJLSFNaZkxaNVdhYVN2YzlDNTkxVndrOG9oakFkclgyU3R1Y3J4R3JuRUluYy13ZFQwdVY4SWtfdkVvTEE2MS1hWHN1N3p1ZFlmZnNBYWpINE9kYzdMcHFvbHFCeXM3RDNJT0N0dkpfTGQxQk9FSlhPTVRKcDFWaGNwdnVXaElLTndwUjVjLVR3TXRqVUU0V2puQ1ItMlV1VlRtb2hWNjQtLVhNMVlCdFN3dXItRGp2c3pHS0pWVkpVUnc4dFhIVk7SAd4BQVVfeXFMT0N3NjVIa3RjdEtoenMzSEVkd0o3eFloT0FpU1h1VFRZcDR6V011VzFjcDdEbDFCX25Jc1lUdFJ5QkRnQ3lOdTQ0aXlfWmxsNUFnWjVRNUFSTE05azZnNVA1dmE5cmJKQWxKd1l4WGRCcDkzMmJBS0FOVEw2SHFlZThXZDBpTV9TYXlPVUFRWm5xWnl2eHk4aUl1Y1p2aDJFVlc1eE8wYjZVRlNSNml6cDNfUUdTSjBjMHRVVGhVNHRDVUplWTR6LTZGN2pIdVJRcjR2ZzlRdVk2MmxzMW5n?hl=id&gl=ID&ceid=ID%3Aid,Jawa Pos,23/09/2025 16:42,Faiz Musyaffa Ramadhan,
102,Fakta-fakta Angkot Seruduk 4 Motor di Jakbar hingga 8 Orang Luka,https://news.google.com/read/CBMipwFBVV95cUxNSnFQcDdGbEVZWU53YnJrYUpySXc3RUhLMEJoblEyeE5ySXhFT01hdlhFWndwR01MR2F1VUV0SFlpYkxUOVRaVXhJOVh6RjRUdEM1WWgzVXRHZi1ZNnV1VVpaOVVhZEE4VnNWemlEaGI2RnVEUU9PLVQ2b0pxeEswZ0FlXzFneW8wR2RpZGczeHhJX01pcHpwRG1NT1VpdENYcThwMHRlTdIBrAFBVV95cUxQSXpjQkgwNU0wbzVWc3Vuejl5TkpBSS1qbzJCdlRwRV9GTlk1V1R0eXhzMWhJeEFGQVFWaV8wZWpRWV9nUjZrMFdjYzRKZDRRNU9iRUFpLVdnVVhQNzcxeXRocGJFODlCLV9zdGU3OTAyZmt2TE9lSFdwTTh4ekliQkQtX2NyaXZhQ2s5WEFSS3p6V29vV2xMYUtvZ25sb01PYVVrbU1iUnVNNm5s?hl=id&gl=ID&ceid=ID%3Aid,detikNews,10/05/2025 14:00,Faiz Musyaffa Ramadhan,
103,"Promo MRT, KRL, Transjakarta, Jaklingko 17 Agustus 2025 pada Kemerdekaan RI - kumparan.com",https://news.google.com/read/CBMivAFBVV95cUxNTUZ3TUFfRWRFLW1oMjVzZnNadm90MTZKZkVSQUxZb1NLZkczb3MyLTluQ200V1dsa0VzWFNQbkpSb0JuNkVHSUlXUXRRM2tMcTFScmVOUU5TV2NEUTdUa2FvUW43U1FYdVBIbWVDSVNkcmNXLUJGZjR4Slc0SzZGMllEMkxiLTB2a0hMa3JQeERPUEVRdjdMZlZXaE9wdFYxLUVRS3B5MXp3aW5mdG1nNDB4RUpENHRqSnpPNtIBxAFBVV95cUxOUlNTNXRiUHdYOW9fVkl3anR4ZGFzMk84ZWZscWVUZ29ZejBEMmh6UWdvQ2NlUHAxMFNYRkU0UWxITXIyNW9zR1lJR2RPeTNyaFlNSi1CdTJKOHVuTXJsdmgyRkdlc1VkYmdvRUFuQkk2X0hWXy1ZeDg0VS00b2FCSkpoejhfRjNFT0ZzQ050QzdoUUQ2RVNJdFNsbnRFMTNZQm85bDFUclZ0RVZDUXJUajRTMHNSV1hhVm8xZl9iLWRoRnRi?hl=id&gl=ID&ceid=ID%3Aid,Kumparan,03/08/2025 14:00,Muhammad Irsyad Fahmi,
104,Pramono Ungkap Rencana Mikrotrans JakLingko Masuk Bodetabek,https://news.google.com/read/CBMiwAFBVV95cUxNRE9RbVJHU1Q0amFIQ0h6VzdqOWo2ZDRaNFlrMW1RYUw4X2ZuRkVlLXgzTEh5SHZVMC1adlo0Ri11Tk9qcG04NDRxZEFWVFBCdXRsTzZvSWlBWVVPUTJUc2FhTjNIbTBzMTFHY29UdEV4UU9iZnVMaVc3SERzdDdoWGV2aWpGdzZWTUFsOHFmYW1HRG1IVHdETU5NUkpDV0RlVnZhcUt4Ullyc2JKRmhOeFVHT2h6NVlnc3NpRmsyNmnSAcYBQVVfeXFMTzEtdWItcWtQenp4MWhBUWszdTNOeDZBZHlLdXFFanAxM3NGVDdRdlpOd3htYkZpaTRzeEpHUTRRT2MzTUdoWE1fekdyVXNtWE4yMlI0MHJzZ2lLVjhCOGhURklZeXUxVDlvMjA4YkpUNjE0a0VMLUVlZHh4emg2c3RXVnpzUzlFOTJxQ25BdE8zQ09iYWltSnNtX2tlY3h0VUhPNWd3NF95VFk4RlQtSUlFdl9GVkU2OFBOVHhaTmZON2F4LVZR?hl=id&gl=ID&ceid=ID%3Aid,CNN Indonesia,11/06/2025 14:00,Muhammad Irsyad Fahmi,
